language,filename,blank,comment,code,"github.com/AlDanial/cloc v 1.92  T=0.20 s (1099.5 files/s, 202332.9 lines/s)"
XML,daytrader7/jmeter_files/daytrader7_mojarra.jmx,0,0,2482
XML,daytrader7/jmeter_files/daytrader7.jmx,0,0,2472
Java,daytrader7/daytrader-ee7-ejb/src/main/java/com/ibm/websphere/samples/daytrader/direct/TradeDirect.java,374,307,1439
Python,daytrader7/scripts/resource_scripts.py,242,422,861
XHTML,daytrader7/daytrader-ee7-web/src/main/webapp/web_prmtv.xhtml,7,22,555
XHTML,daytrader7/daytrader-ee7-web/src/main/webapp/marketSummary.xhtml,34,15,553
Java,daytrader7/daytrader-ee7-ejb/src/main/java/com/ibm/websphere/samples/daytrader/ejb3/TradeSLSBBean.java,145,57,526
Java,daytrader7/daytrader-ee7-ejb/src/main/java/com/ibm/websphere/samples/daytrader/util/TradeConfig.java,119,281,474
HTML,daytrader7/daytrader-ee7-web/src/main/webapp/web_prmtv.html,6,22,440
XML,daytrader7/daytrader-ee7-ejb/target/classes/META-INF/ejb-jar.xml,2,18,426
JSP,daytrader7/daytrader-ee7-web/src/main/webapp/runStats.jsp,6,18,421
XHTML,daytrader7/daytrader-ee7-web/src/main/webapp/account.xhtml,21,15,394
JSP,daytrader7/daytrader-ee7-web/src/main/webapp/accountImg.jsp,2,15,392
JSP,daytrader7/daytrader-ee7-web/src/main/webapp/account.jsp,2,15,375
Java,daytrader7/daytrader-ee7-ejb/src/main/java/com/ibm/websphere/samples/daytrader/TradeAction.java,85,271,308
XHTML,daytrader7/daytrader-ee7-web/src/main/webapp/portfolio.xhtml,29,15,296
Python,daytrader7/scripts/tuneDayTrader.py,58,104,291
Java,daytrader7/daytrader-ee7-web/src/main/java/com/ibm/websphere/samples/daytrader/web/jsf/TradeConfigJSF.java,90,65,282
JSP,daytrader7/daytrader-ee7-web/src/main/webapp/portfolioImg.jsp,3,17,276
XHTML,daytrader7/daytrader-ee7-web/src/main/webapp/order.xhtml,18,15,275
Python,daytrader7/scripts/daytrader_SILENT_singleServer.py,111,119,273
JSP,daytrader7/daytrader-ee7-web/src/main/webapp/portfolio.jsp,3,17,264
Java,daytrader7/daytrader-ee7-ejb/src/main/java/com/ibm/websphere/samples/daytrader/entities/OrderDataBean.java,57,20,253
JSP,daytrader7/daytrader-ee7-web/src/main/webapp/config.jsp,4,15,252
XHTML,daytrader7/daytrader-ee7-web/src/main/webapp/quote.xhtml,24,15,252
XHTML,daytrader7/daytrader-ee7-web/src/main/webapp/tradehome.xhtml,17,15,251
HTML,daytrader7/daytrader-ee7-web/src/main/webapp/marketSummary.html,16,15,249
JSP,daytrader7/daytrader-ee7-web/src/main/webapp/tradehomeImg.jsp,3,15,249
Java,daytrader7/daytrader-ee7-web/src/main/java/com/ibm/websphere/samples/daytrader/web/TradeServletAction.java,57,336,238
XHTML,daytrader7/daytrader-ee7-web/src/main/webapp/config.xhtml,2,15,235
Java,daytrader7/daytrader-ee7-web/src/main/java/com/ibm/websphere/samples/daytrader/web/TradeConfigServlet.java,53,62,233
JSP,daytrader7/daytrader-ee7-web/src/main/webapp/tradehome.jsp,3,15,233
JSP,daytrader7/daytrader-ee7-web/src/main/webapp/orderImg.jsp,3,15,230
Java,daytrader7/daytrader-ee7-web/src/main/java/com/ibm/websphere/samples/daytrader/web/jsf/AccountDataJSF.java,62,16,229
XML,daytrader7/daytrader-ee7-web/src/main/webapp/WEB-INF/web.xml,29,53,225
JCL,daytrader7/zos_db2_files/dbtable.jcl,29,1,225
JSP,daytrader7/daytrader-ee7-web/src/main/webapp/quoteImg.jsp,7,16,217
JSP,daytrader7/daytrader-ee7-web/src/main/webapp/order.jsp,2,15,216
CSS,daytrader7/daytrader-ee7-web/src/main/webapp/style-jsf.css,31,16,206
Java,daytrader7/daytrader-ee7-ejb/src/main/java/com/ibm/websphere/samples/daytrader/entities/AccountDataBean.java,54,23,203
JSP,daytrader7/daytrader-ee7-web/src/main/webapp/quote.jsp,4,16,193
Java,daytrader7/daytrader-ee7-web/src/main/java/com/ibm/websphere/samples/daytrader/web/jsf/TradeAppJSF.java,47,34,188
XHTML,daytrader7/daytrader-ee7-web/src/main/webapp/register.xhtml,5,15,185
Java,daytrader7/daytrader-ee7-web/src/main/java/com/ibm/websphere/samples/daytrader/web/TradeScenarioServlet.java,32,88,177
XHTML,daytrader7/daytrader-ee7-web/src/main/webapp/docs/tradeFAQ.xhtml,22,15,172
Java,daytrader7/daytrader-ee7-web/src/main/java/com/ibm/websphere/samples/daytrader/web/TradeBuildDB.java,23,35,161
Java,daytrader7/daytrader-ee7-web/src/main/java/com/ibm/websphere/samples/daytrader/web/jsf/PortfolioJSF.java,42,18,161
JSP,daytrader7/daytrader-ee7-web/src/main/webapp/registerImg.jsp,0,15,157
Java,daytrader7/daytrader-ee7-ejb/src/main/java/com/ibm/websphere/samples/daytrader/beans/MarketSummaryDataBean.java,41,90,156
JSP,daytrader7/daytrader-ee7-web/src/main/webapp/register.jsp,0,15,154
HTML,daytrader7/daytrader-ee7-web/src/main/webapp/docs/tradeFAQ.html,26,15,149
Java,daytrader7/daytrader-ee7-ejb/src/main/java/com/ibm/websphere/samples/daytrader/entities/QuoteDataBean.java,41,18,147
Java,daytrader7/daytrader-ee7-ejb/src/main/java/com/ibm/websphere/samples/daytrader/entities/HoldingDataBean.java,39,16,144
JSP,daytrader7/daytrader-ee7-web/src/main/webapp/marketSummary.jsp,3,15,138
XHTML,daytrader7/daytrader-ee7-web/src/main/webapp/configure.xhtml,5,15,128
HTML,daytrader7/daytrader-ee7-web/src/main/webapp/docs/rtCharacterisitics.html,16,15,127
XHTML,daytrader7/daytrader-ee7-web/src/main/webapp/PingJsf.xhtml,7,15,123
Java,daytrader7/daytrader-ee7-ejb/src/main/java/com/ibm/websphere/samples/daytrader/entities/AccountProfileDataBean.java,38,17,122
Java,daytrader7/daytrader-ee7-web/src/main/java/com/ibm/websphere/samples/daytrader/web/jsf/QuoteData.java,31,15,121
Maven,daytrader7/daytrader-ee7/pom.xml,8,5,121
Markdown,daytrader7/README_LOAD_TEST.md,31,0,120
Java,daytrader7/daytrader-ee7-ejb/src/main/java/com/ibm/websphere/samples/daytrader/util/Log.java,42,38,119
JSP,daytrader7/daytrader-ee7-web/src/main/webapp/welcome.jsp,0,15,118
JSP,daytrader7/daytrader-ee7-web/src/main/webapp/welcomeImg.jsp,0,15,117
Java,daytrader7/daytrader-ee7-ejb/src/main/java/com/ibm/websphere/samples/daytrader/ejb3/DTBroker3MDB.java,21,25,115
Java,daytrader7/daytrader-ee7-web/src/main/java/com/ibm/websphere/samples/daytrader/web/websocket/MarketSummaryWebSocket.java,41,19,112
Java,daytrader7/daytrader-ee7-web/src/main/java/com/ibm/websphere/samples/daytrader/web/TradeAppServlet.java,19,61,111
Java,daytrader7/daytrader-ee7-web/src/main/java/com/ibm/websphere/samples/daytrader/web/prims/PingUpgradeServlet.java,37,17,111
Java,daytrader7/daytrader-ee7-web/src/main/java/com/ibm/websphere/samples/daytrader/web/jsf/MarketSummaryJSF.java,32,16,106
Java,daytrader7/daytrader-ee7-web/src/main/java/com/ibm/websphere/samples/daytrader/web/prims/PingServlet31Async.java,29,52,105
JSP,daytrader7/daytrader-ee7-web/src/main/webapp/PingJspEL.jsp,8,16,105
XML,daytrader7/daytrader-ee7-web/src/main/webapp/WEB-INF/faces-config.xml,0,15,105
Markdown,daytrader7/docs/Using-WDT.md,38,0,101
Java,daytrader7/daytrader-ee7-ejb/src/main/java/com/ibm/websphere/samples/daytrader/beans/RunStatsDataBean.java,34,161,99
Java,daytrader7/daytrader-ee7-ejb/src/main/java/com/ibm/websphere/samples/daytrader/ejb3/DTStreamer3MDB.java,18,20,99
Java,daytrader7/daytrader-ee7-web/src/main/java/com/ibm/websphere/samples/daytrader/web/jsf/OrderData.java,26,15,99
Java,daytrader7/daytrader-ee7-web/src/main/java/com/ibm/websphere/samples/daytrader/web/jsf/QuoteJSF.java,23,15,98
HTML,daytrader7/daytrader-ee7-web/src/main/webapp/configure.html,2,15,98
JSP,daytrader7/daytrader-ee7-web/src/main/webapp/error.jsp,9,17,96
Java,daytrader7/daytrader-ee7-web/src/main/java/com/ibm/websphere/samples/daytrader/web/prims/ExplicitGC.java,16,50,92
Java,daytrader7/daytrader-ee7-ejb/src/main/java/com/ibm/websphere/samples/daytrader/ejb3/MarketSummarySingleton.java,19,18,89
Java,daytrader7/daytrader-ee7-web/src/main/java/com/ibm/websphere/samples/daytrader/web/prims/PingSession3.java,20,76,86
Java,daytrader7/daytrader-ee7-web/src/main/java/com/ibm/websphere/samples/daytrader/web/prims/ejb3/PingServlet2MDBQueue.java,27,38,81
Java,daytrader7/daytrader-ee7-web/src/main/java/com/ibm/websphere/samples/daytrader/web/prims/ejb3/PingServlet2MDBTopic.java,27,39,81
HTML,daytrader7/daytrader-ee7-web/src/main/webapp/PingWebSocketJson.html,16,15,81
HTML,daytrader7/daytrader-ee7-web/src/main/webapp/header.html,0,17,79
Java,daytrader7/daytrader-ee7-web/src/main/java/com/ibm/websphere/samples/daytrader/web/jsf/HoldingData.java,25,15,78
Java,daytrader7/daytrader-ee7-web/src/main/java/com/ibm/websphere/samples/daytrader/web/prims/PingJSONP.java,19,54,78
Java,daytrader7/daytrader-ee7-web/src/main/java/com/ibm/websphere/samples/daytrader/web/prims/ejb3/PingServlet2SessionLocal.java,22,29,78
Java,daytrader7/daytrader-ee7-web/src/main/java/com/ibm/websphere/samples/daytrader/web/prims/PingReentryServlet.java,18,43,77
Java,daytrader7/daytrader-ee7-web/src/main/java/com/ibm/websphere/samples/daytrader/web/prims/ejb3/PingServlet2SessionRemote.java,22,29,77
Java,daytrader7/daytrader-ee7-ejb/src/main/java/com/ibm/websphere/samples/daytrader/util/FinancialUtils.java,15,15,75
Java,daytrader7/daytrader-ee7-web/src/main/java/com/ibm/websphere/samples/daytrader/web/prims/ejb3/PingServlet2Session2Entity.java,20,27,75
XHTML,daytrader7/daytrader-ee7-web/src/main/webapp/index.xhtml,3,15,75
XHTML,daytrader7/daytrader-ee7-web/src/main/webapp/welcome.xhtml,3,15,75
Java,daytrader7/daytrader-ee7-ejb/src/main/java/com/ibm/websphere/samples/daytrader/direct/KeySequenceDirect.java,21,21,72
Java,daytrader7/daytrader-ee7-web/src/main/java/com/ibm/websphere/samples/daytrader/web/prims/ejb3/PingServlet2Session2EntityCollection.java,18,29,72
Java,daytrader7/daytrader-ee7-web/src/main/java/com/ibm/websphere/samples/daytrader/web/prims/PingServlet31AsyncRead.java,23,51,71
HTML,daytrader7/daytrader-ee7-web/src/main/webapp/docs/glossary.html,12,15,71
SQL,daytrader7/daytrader-ee7-ejb/target/classes/META-INF/daytrader.sql,15,21,70
Java,daytrader7/daytrader-ee7-web/src/main/java/com/ibm/websphere/samples/daytrader/web/prims/PingWebSocketJson.java,29,17,70
HTML,daytrader7/daytrader-ee7-web/src/main/webapp/contentHome.html,2,15,70
Java,daytrader7/daytrader-ee7-web/src/main/java/com/ibm/websphere/samples/daytrader/web/prims/PingSession2.java,16,60,69
Java,daytrader7/daytrader-ee7-web/src/main/java/com/ibm/websphere/samples/daytrader/web/prims/ejb3/PingServlet2Session2CMROne2Many.java,18,25,69
Java,daytrader7/daytrader-ee7-ejb/src/main/java/com/ibm/websphere/samples/daytrader/util/KeyBlock.java,17,55,68
Java,daytrader7/daytrader-ee7-web/src/main/java/com/ibm/websphere/samples/daytrader/web/prims/ejb3/PingServlet2TwoPhase.java,20,26,67
Java,daytrader7/daytrader-ee7-web/src/main/java/com/ibm/websphere/samples/daytrader/web/OrdersAlertFilter.java,14,27,66
Java,daytrader7/daytrader-ee7-web/src/main/java/com/ibm/websphere/samples/daytrader/web/prims/ejb3/PingServlet2Session2Entity2JSP.java,17,31,66
Java,daytrader7/daytrader-ee7-web/src/main/java/com/ibm/websphere/samples/daytrader/web/prims/ejb3/PingServlet2Entity.java,17,31,64
HTML,daytrader7/daytrader-ee7-web/src/main/webapp/PingWebSocketBinary.html,13,15,64
Java,daytrader7/daytrader-ee7-web/src/main/java/com/ibm/websphere/samples/daytrader/web/jsf/OrderDataJSF.java,19,15,63
Java,daytrader7/daytrader-ee7-web/src/main/java/com/ibm/websphere/samples/daytrader/web/prims/PingJDBCWrite.java,16,59,62
Java,daytrader7/daytrader-ee7-web/src/main/java/com/ibm/websphere/samples/daytrader/web/prims/PingSession1.java,13,62,61
Java,daytrader7/daytrader-ee7-web/src/main/java/com/ibm/websphere/samples/daytrader/web/prims/ejb3/PingServlet2Session2CMROne2One.java,17,25,61
Java,daytrader7/daytrader-ee7-web/src/main/java/com/ibm/websphere/samples/daytrader/web/prims/PingManagedThread.java,22,44,60
HTML,daytrader7/daytrader-ee7-web/src/main/webapp/PingWebSocketTextAsync.html,15,15,60
HTML,daytrader7/daytrader-ee7-web/src/main/webapp/PingWebSocketTextSync.html,15,15,60
Java,daytrader7/daytrader-ee7-web/src/main/java/com/ibm/websphere/samples/daytrader/web/prims/PingJDBCRead.java,14,56,59
CSS,daytrader7/daytrader-ee7-web/src/main/webapp/style.css,8,15,59
Java,daytrader7/daytrader-ee7-web/src/main/java/com/ibm/websphere/samples/daytrader/web/prims/PingManagedExecutor.java,17,45,58
Java,daytrader7/daytrader-ee7-web/src/main/java/com/ibm/websphere/samples/daytrader/web/prims/PingServlet2PDF.java,15,42,58
XML,daytrader7/daytrader-ee7/src/main/liberty/config/server.xml,14,1,56
XML,daytrader7/daytrader-ee7/src/main/liberty/config/server_db2.xml,14,1,56
Markdown,daytrader7/docs/Using-cmd-line.md,23,0,54
Java,daytrader7/daytrader-ee7-web/src/main/java/com/ibm/websphere/samples/daytrader/web/prims/PingServletSetContentLength.java,17,52,52
Java,daytrader7/daytrader-ee7-web/src/main/java/com/ibm/websphere/samples/daytrader/web/prims/PingServlet2DB.java,12,52,50
Java,daytrader7/daytrader-ee7-web/src/main/java/com/ibm/websphere/samples/daytrader/web/prims/PingServlet30Async.java,17,51,50
Java,daytrader7/daytrader-ee7-web/src/main/java/com/ibm/websphere/samples/daytrader/web/prims/PingJDBCRead2JSP.java,15,60,48
HTML,daytrader7/daytrader-ee7-web/src/main/webapp/docs/benchmarking.html,4,15,48
HTML,daytrader7/daytrader-ee7-web/src/main/webapp/docs/documentation.html,4,15,48
Java,daytrader7/daytrader-ee7-web/src/main/java/com/ibm/websphere/samples/daytrader/web/jsf/JSFLoginFilter.java,14,27,47
Java,daytrader7/daytrader-ee7-web/src/main/java/com/ibm/websphere/samples/daytrader/web/prims/PingServlet2JNDI.java,13,49,47
Java,daytrader7/daytrader-ee7-web/src/main/java/com/ibm/websphere/samples/daytrader/web/prims/PingServlet.java,13,55,44
Java,daytrader7/daytrader-ee7-web/src/main/java/com/ibm/websphere/samples/daytrader/web/websocket/ActionMessage.java,13,32,44
Java,daytrader7/daytrader-ee7-web/src/main/java/com/ibm/websphere/samples/daytrader/web/TradeWebContextListener.java,10,21,43
Java,daytrader7/daytrader-ee7-web/src/main/java/com/ibm/websphere/samples/daytrader/web/prims/PingServlet2Include.java,11,50,43
Java,daytrader7/daytrader-ee7-web/src/main/java/com/ibm/websphere/samples/daytrader/web/prims/PingServletWriter.java,12,55,43
Java,daytrader7/daytrader-ee7-web/src/main/java/com/ibm/websphere/samples/daytrader/web/websocket/RecentStockChangeList.java,21,18,43
Maven,daytrader7/daytrader-ee7-web/pom.xml,3,0,42
Java,daytrader7/daytrader-ee7-ejb/src/main/java/com/ibm/websphere/samples/daytrader/util/CompleteOrderThread.java,14,17,40
Java,daytrader7/daytrader-ee7-ejb/src/main/java/com/ibm/websphere/samples/daytrader/util/TimerStat.java,14,80,39
Java,daytrader7/daytrader-ee7-web/src/main/java/com/ibm/websphere/samples/daytrader/web/TestServlet.java,9,63,39
Java,daytrader7/daytrader-ee7-web/src/main/java/com/ibm/websphere/samples/daytrader/web/prims/PingServlet2ServletRcv.java,9,49,39
Java,daytrader7/daytrader-ee7-web/src/main/java/com/ibm/websphere/samples/daytrader/web/prims/PingServletCDI.java,14,21,37
Java,daytrader7/daytrader-ee7-web/src/main/java/com/ibm/websphere/samples/daytrader/web/prims/PingServletCDIBeanManagerViaCDICurrent.java,15,21,37
Java,daytrader7/daytrader-ee7-web/src/main/java/com/ibm/websphere/samples/daytrader/web/prims/PingServletCDIBeanManagerViaJNDI.java,15,21,37
Java,daytrader7/daytrader-ee7-web/src/main/java/com/ibm/websphere/samples/daytrader/web/prims/PingWebSocketBinary.java,12,16,37
Java,daytrader7/daytrader-ee7-ejb/src/main/java/com/ibm/websphere/samples/daytrader/util/MDBStats.java,10,22,36
Java,daytrader7/daytrader-ee7-web/src/main/java/com/ibm/websphere/samples/daytrader/web/prims/PingWebSocketTextSync.java,12,19,36
Java,daytrader7/daytrader-ee7-ejb/src/main/java/com/ibm/websphere/samples/daytrader/TradeServices.java,28,242,35
JCL,daytrader7/zos_db2_files/dbbind.jcl,0,7,35
HTML,daytrader7/daytrader-ee7-web/src/main/webapp/leftMenu.html,0,22,34
JSP,daytrader7/daytrader-ee7-web/src/main/webapp/quoteDataPrimitive.jsp,0,16,34
Java,daytrader7/daytrader-ee7-web/src/main/java/com/ibm/websphere/samples/daytrader/web/prims/PingCDIBean.java,11,15,33
Java,daytrader7/daytrader-ee7-web/src/main/java/com/ibm/websphere/samples/daytrader/web/prims/PingSession3Object.java,10,49,33
XML,daytrader7/daytrader-ee7-ejb/.classpath,0,0,32
Java,daytrader7/daytrader-ee7-web/src/main/java/com/ibm/websphere/samples/daytrader/web/websocket/JsonDecoder.java,10,15,32
JSP,daytrader7/daytrader-ee7-web/src/main/webapp/displayQuote.jsp,1,15,32
Markdown,daytrader7/README.md,15,0,31
Java,daytrader7/daytrader-ee7-web/src/main/java/com/ibm/websphere/samples/daytrader/web/prims/PingServlet2Jsp.java,8,39,31
Java,daytrader7/daytrader-ee7-web/src/main/java/com/ibm/websphere/samples/daytrader/web/prims/PingServlet2Servlet.java,8,43,31
Java,daytrader7/daytrader-ee7-web/src/main/java/com/ibm/websphere/samples/daytrader/web/prims/PingWebSocketTextAsync.java,11,16,31
Java,daytrader7/daytrader-ee7-web/src/main/java/com/ibm/websphere/samples/daytrader/web/jsf/LoginValidator.java,9,16,30
Maven,daytrader7/daytrader-ee7-ejb/pom.xml,2,0,29
Java,daytrader7/daytrader-ee7-web/src/main/java/com/ibm/websphere/samples/daytrader/web/websocket/ActionDecoder.java,12,17,28
XML,daytrader7/daytrader-ee7-web/.classpath,0,0,27
Java,daytrader7/daytrader-ee7-web/src/main/java/com/ibm/websphere/samples/daytrader/web/prims/PingServletLargeContentLength.java,15,53,27
XML,daytrader7/daytrader-ee7-ejb/target/classes/META-INF/ibm-ejb-jar-bnd.xml,4,15,26
XML,daytrader7/daytrader-ee7-ejb/.project,0,0,23
XML,daytrader7/daytrader-ee7-web/.project,0,0,23
JSP,daytrader7/daytrader-ee7-web/src/main/webapp/PingJsp.jsp,0,16,23
Maven,daytrader7/pom.xml,3,0,23
XHTML,daytrader7/daytrader-ee7-web/src/main/webapp/PingCDIJSF.xhtml,2,15,22
JSP,daytrader7/daytrader-ee7-web/src/main/webapp/PingServlet2Jsp.jsp,1,16,22
HTML,daytrader7/daytrader-ee7-web/src/main/webapp/index.html,0,15,22
Java,daytrader7/daytrader-ee7-web/src/main/java/com/ibm/websphere/samples/daytrader/web/websocket/JsonEncoder.java,10,15,21
HTML,daytrader7/daytrader-ee7-web/src/main/webapp/footer.html,0,17,21
Java,daytrader7/daytrader-ee7-web/src/main/java/com/ibm/websphere/samples/daytrader/web/prims/PingServlet2IncludeRcv.java,6,44,18
XML,daytrader7/.project,0,0,17
Java,daytrader7/daytrader-ee7-web/src/main/java/com/ibm/websphere/samples/daytrader/web/prims/PingEJBLocalDecorator.java,6,20,17
Java,daytrader7/daytrader-ee7-web/src/main/java/com/ibm/websphere/samples/daytrader/web/websocket/JsonMessage.java,8,15,17
XML,daytrader7/daytrader-ee7/.project,0,0,17
XML,daytrader7/daytrader-ee7-ejb/target/classes/META-INF/persistence.xml,3,15,16
Java,daytrader7/daytrader-ee7-web/src/main/java/com/ibm/websphere/samples/daytrader/web/prims/PingInterceptor.java,6,20,16
XML,daytrader7/daytrader-ee7-web/src/main/webapp/WEB-INF/classes/META-INF/persistence.xml,5,14,16
Properties,daytrader7/daytrader-ee7-web/src/main/webapp/properties/daytrader.properties,0,13,16
XML,daytrader7/daytrader-ee7-web/target/classes/META-INF/persistence.xml,3,15,16
Properties,daytrader7/daytrader-ee7/target/liberty/wlp/usr/shared/resources/data/tradedb/service.properties,0,7,16
HTML,daytrader7/daytrader-ee7-web/src/main/webapp/PingHtml.html,0,15,14
Java,daytrader7/daytrader-ee7-web/src/main/java/com/ibm/websphere/samples/daytrader/web/prims/PingCDIJSFBean.java,5,15,13
Markdown,daytrader7/docs/Downloading-WAS-Liberty.md,5,0,13
Java,daytrader7/daytrader-ee7-web/src/main/java/com/ibm/websphere/samples/daytrader/web/jsf/ExternalContextProducer.java,2,15,12
Java,daytrader7/daytrader-ee7-web/src/main/java/com/ibm/websphere/samples/daytrader/web/prims/PingEJBLocal.java,6,23,12
XML,daytrader7/daytrader-ee7-web/src/main/webapp/WEB-INF/ibm-web-bnd.xml,1,15,12
Markdown,daytrader7/docs/Starting-the-server.md,9,0,12
Java,daytrader7/daytrader-ee7-ejb/src/main/java/com/ibm/websphere/samples/daytrader/ejb3/TradeSLSBLocal.java,7,15,11
Java,daytrader7/daytrader-ee7-ejb/src/main/java/com/ibm/websphere/samples/daytrader/ejb3/TradeSLSBRemote.java,7,15,11
Java,daytrader7/daytrader-ee7-ejb/src/main/java/com/ibm/websphere/samples/daytrader/util/WebSocketJMSMessage.java,5,15,11
Java,daytrader7/daytrader-ee7-web/src/main/java/com/ibm/websphere/samples/daytrader/web/jsf/TradeActionProducer.java,3,15,11
Java,daytrader7/daytrader-ee7-web/src/main/java/com/ibm/websphere/samples/daytrader/web/prims/PingInterceptorBinding.java,4,18,11
JSP,daytrader7/daytrader-ee7-web/src/main/webapp/sample.jsp,0,15,11
Java,daytrader7/daytrader-ee7-web/src/main/java/com/ibm/websphere/samples/daytrader/web/prims/PingBean.java,5,26,10
XML,daytrader7/daytrader-ee7-web/src/main/webapp/WEB-INF/ibm-web-ext.xml,1,15,9
HTML,daytrader7/daytrader-ee7-web/src/main/webapp/docs/tradeversion.html,0,15,9
INI,daytrader7/daytrader-ee7-web/.settings/org.eclipse.jdt.core.prefs,0,0,8
XML,daytrader7/daytrader-ee7-web/src/main/webapp/WEB-INF/beans.xml,0,15,7
YAML,daytrader7/.travis.yml,0,0,6
Dockerfile,daytrader7/Dockerfile,6,1,5
INI,daytrader7/daytrader-ee7-ejb/.settings/org.eclipse.core.resources.prefs,0,0,4
Java,daytrader7/daytrader-ee7-web/src/main/java/com/ibm/websphere/samples/daytrader/web/prims/PingEJBIFace.java,2,18,4
INI,daytrader7/daytrader-ee7/.settings/org.eclipse.m2e.core.prefs,0,0,4
INI,daytrader7/daytrader-ee7-web/.settings/org.eclipse.core.resources.prefs,0,0,3
INI,daytrader7/daytrader-ee7/.settings/org.eclipse.core.resources.prefs,0,0,2
Properties,daytrader7/daytrader-ee7-web/src/main/webapp/WEB-INF/classes/build.properties,1,14,1
Properties,daytrader7/daytrader-ee7-web/target/classes/build.properties,1,15,1
SUM,,3966,6869,28731
