language,filename,blank,comment,code,"github.com/AlDanial/cloc v 1.92  T=0.27 s (1240.0 files/s, 278642.9 lines/s)"
JavaScript,cargotracker/src/main/webapp/resources/leaflet/leaflet-src.js,2583,3445,8034
JavaScript,cargotracker/src/main/webapp/resources/leaflet/leaflet-src.esm.js,2579,3444,7945
JavaScript,cargotracker/codemr/cargotracker/html/main_report/html/assets/js/jquery-1.10.2.js,1544,1596,6649
CSS,cargotracker/codemr/cargotracker/html/main_report/html/assets/css/light-bootstrap-dashboard.css,237,16,3140
SVG,cargotracker/codemr/cargotracker/html/main_report/html/fonts/font-awesome-4.7.0/fonts/fontawesome-webfont.svg,0,0,2671
CSS,cargotracker/codemr/cargotracker/html/main_report/html/fonts/font-awesome-4.7.0/css/font-awesome.css,0,10,2327
XML,cargotracker/cargotracker.java.hsp,0,0,1202
LESS,cargotracker/codemr/cargotracker/html/main_report/html/fonts/font-awesome-4.7.0/less/variables.less,3,3,794
SCSS,cargotracker/codemr/cargotracker/html/main_report/html/fonts/font-awesome-4.7.0/scss/_variables.scss,3,3,794
LESS,cargotracker/codemr/cargotracker/html/main_report/html/fonts/font-awesome-4.7.0/less/icons.less,1,2,786
SCSS,cargotracker/codemr/cargotracker/html/main_report/html/fonts/font-awesome-4.7.0/scss/_icons.scss,1,2,786
JavaScript,cargotracker/codemr/cargotracker/html/main_report/htmlx/modeldata/sunburst_data.js,0,0,756
CSS,cargotracker/codemr/cargotracker/html/main_report/html/assets/css/pe-icon-7-stroke.css,3,1,628
CSS,cargotracker/src/main/webapp/resources/leaflet/leaflet.css,53,24,563
Java,cargotracker/src/test/java/org/eclipse/cargotracker/domain/model/cargo/CargoTest.java,70,9,474
SCSS,cargotracker/codemr/cargotracker/html/main_report/html/assets/sass/lbd/_responsive.scss,37,2,374
JavaScript,cargotracker/codemr/cargotracker/html/main_report/html/assets/js/bootstrap-checkbox-radio-switch.js,119,26,357
XML,cargotracker/src/test/soapui/cargo_tracker_soapUI_project.xml,3,0,338
JavaScript,cargotracker/codemr/cargotracker/html/main_report/html/assets/js/bootstrap-notify.js,44,23,337
JavaScript,cargotracker/codemr/cargotracker/html/main_report/html/assets/js/bootstrap-select.js,76,28,334
HTML,cargotracker/codemr/cargotracker/html/main_report/htmlx/lbd/table.html,56,59,331
Maven,cargotracker/pom.xml,24,20,304
HTML,cargotracker/codemr/cargotracker/html/main_report/html/fonts/font-codemr/demo.html,11,0,298
Java,cargotracker/src/main/java/org/eclipse/cargotracker/application/util/SampleDataGenerator.java,52,6,296
Java,cargotracker/src/main/java/org/eclipse/cargotracker/domain/model/cargo/Delivery.java,63,38,281
Java,cargotracker/src/main/java/org/eclipse/cargotracker/domain/model/voyage/SampleVoyages.java,8,26,267
SCSS,cargotracker/codemr/cargotracker/html/main_report/html/assets/sass/lbd/_navbars.scss,34,2,257
HTML,cargotracker/codemr/cargotracker/html/main_report/htmlx/lbd/notifications.html,33,22,255
HTML,cargotracker/codemr/cargotracker/html/main_report/htmlx/lbd/dashboard.html,51,32,251
Java,cargotracker/src/test/java/org/eclipse/cargotracker/scenario/CargoLifecycleScenarioTest.java,40,133,239
Java,cargotracker/src/test/java/org/eclipse/cargotracker/application/BookingServiceTest.java,22,17,238
SCSS,cargotracker/codemr/cargotracker/html/main_report/html/assets/sass/lbd/_checkbox-radio-switch.scss,11,10,225
SCSS,cargotracker/codemr/cargotracker/html/main_report/html/assets/sass/lbd/_sidebar-and-main-panel.scss,31,0,213
SVG,cargotracker/codemr/cargotracker/html/main_report/html/assets/fonts/Pe-icon-7-stroke.svg,0,0,212
Java,cargotracker/src/main/java/org/eclipse/cargotracker/domain/model/handling/HandlingEvent.java,44,53,208
CSS,cargotracker/src/main/webapp/resources/css/app.css,62,20,194
SCSS,cargotracker/codemr/cargotracker/html/main_report/html/assets/sass/lbd/_cards.scss,21,0,186
HTML,cargotracker/codemr/cargotracker/html/main_report/htmlx/lbd/metricdescriptions.html,39,43,179
SCSS,cargotracker/codemr/cargotracker/html/main_report/html/assets/sass/lbd/_chartist.scss,39,13,178
SCSS,cargotracker/codemr/cargotracker/html/main_report/html/assets/sass/lbd/_variables.scss,82,6,177
HTML,cargotracker/codemr/cargotracker/html/main_report/htmlx/lbd/graphs.html,45,49,169
Java,cargotracker/src/main/java/org/eclipse/cargotracker/interfaces/handling/mobile/EventLogger.java,43,2,169
SCSS,cargotracker/codemr/cargotracker/html/main_report/html/assets/sass/lbd/mixins/_vendor-prefixes.scss,22,3,164
Java,cargotracker/src/test/java/org/eclipse/cargotracker/domain/model/cargo/ItineraryTest.java,20,8,162
Java,cargotracker/src/main/java/org/eclipse/cargotracker/interfaces/tracking/web/CargoTrackingViewAdapter.java,35,4,155
XHTML,cargotracker/src/main/webapp/admin/tracking/mapFrame.xhtml,22,0,152
HTML,cargotracker/codemr/cargotracker/html/main_report/htmlx/donut.html,29,1,149
XHTML,cargotracker/src/main/webapp/public/mapFrame.xhtml,19,0,146
CSS,cargotracker/src/main/webapp/resources/css/title.css,28,0,129
Java,cargotracker/src/main/java/org/eclipse/cargotracker/interfaces/handling/file/EventItemReader.java,28,0,127
SCSS,cargotracker/codemr/cargotracker/html/main_report/html/assets/sass/lbd/_inputs.scss,15,0,126
Java,cargotracker/src/main/java/org/eclipse/cargotracker/domain/model/cargo/Itinerary.java,29,11,126
JavaScript,cargotracker/codemr/cargotracker/html/main_report/html/assets/js/demo.js,26,1,125
Java,cargotracker/src/main/java/org/eclipse/cargotracker/interfaces/booking/web/Booking.java,30,12,125
XHTML,cargotracker/src/main/webapp/event-logger/index.xhtml,2,0,125
CSS,cargotracker/codemr/cargotracker/html/main_report/html/assets/css/helptip.css,24,4,120
Java,cargotracker/src/test/java/org/eclipse/cargotracker/domain/model/handling/HandlingEventTest.java,17,2,120
Java,cargotracker/src/main/java/org/eclipse/cargotracker/domain/model/cargo/Leg.java,25,3,118
JavaScript,cargotracker/codemr/cargotracker/html/main_report/htmlx/modeldata/defaultclassmetrics.js,6,4,117
XHTML,cargotracker/src/main/webapp/admin/route.xhtml,8,0,116
Java,cargotracker/src/main/java/org/eclipse/cargotracker/interfaces/booking/facade/internal/DefaultBookingServiceFacade.java,23,1,113
XHTML,cargotracker/src/main/webapp/admin/show.xhtml,7,0,113
CSS,cargotracker/src/main/webapp/resources/css/dd.css,30,4,113
JavaScript,cargotracker/codemr/cargotracker/html/main_report/html/assets/js/light-bootstrap-dashboard.js,36,12,111
Markdown,cargotracker/README.md,35,0,106
SCSS,cargotracker/codemr/cargotracker/html/main_report/html/assets/sass/lbd/_dropdown.scss,16,1,103
Java,cargotracker/src/main/java/org/eclipse/pathfinder/api/GraphTraversalService.java,16,1,103
Java,cargotracker/src/main/java/org/eclipse/cargotracker/domain/model/cargo/Cargo.java,28,64,101
HTML,cargotracker/codemr/cargotracker/html/main_report/htmlx/lbd/template.html,37,18,99
XHTML,cargotracker/src/main/webapp/admin/tracking/track.xhtml,12,0,95
XML,cargotracker/src/main/webapp/WEB-INF/web.xml,6,5,94
SCSS,cargotracker/codemr/cargotracker/html/main_report/html/assets/sass/lbd/_buttons.scss,13,2,93
Java,cargotracker/src/main/java/org/eclipse/cargotracker/domain/model/cargo/HandlingActivity.java,24,4,93
Java,cargotracker/src/main/java/org/eclipse/cargotracker/domain/model/voyage/CarrierMovement.java,22,5,93
XHTML,cargotracker/src/main/webapp/public/track.xhtml,12,0,92
Java,cargotracker/src/main/java/org/eclipse/cargotracker/interfaces/booking/facade/dto/CargoRoute.java,22,2,90
Java,cargotracker/src/main/java/org/eclipse/cargotracker/domain/model/voyage/Voyage.java,27,7,89
Java,cargotracker/src/test/java/org/eclipse/cargotracker/domain/model/cargo/RouteSpecificationTest.java,12,0,89
HTML,cargotracker/codemr/cargotracker/html/main_report/htmlx/circlepack.html,26,0,87
HTML,cargotracker/codemr/cargotracker/html/main_report/htmlx/Xdonut.html,20,1,86
JavaScript,cargotracker/codemr/cargotracker/html/main_report/htmlx/modeldata/packagedependency.js,0,0,86
HTML,cargotracker/codemr/cargotracker/html/main_report/htmlx/sunburst.html,20,0,86
Java,cargotracker/src/main/java/org/eclipse/cargotracker/interfaces/booking/facade/internal/assembler/CargoStatusDtoAssembler.java,14,0,83
SCSS,cargotracker/codemr/cargotracker/html/main_report/html/assets/sass/lbd/_typography.scss,7,1,82
Java,cargotracker/src/main/java/org/eclipse/cargotracker/application/internal/DefaultBookingService.java,21,0,81
Java,cargotracker/src/main/java/org/eclipse/cargotracker/domain/model/cargo/RouteSpecification.java,19,8,80
Markdown,cargotracker/codemr/cargotracker/html/main_report/htmlx/lbd/README.md,31,0,78
CSS,cargotracker/codemr/cargotracker/html/main_report/html/fonts/font-codemr/css/animation.css,5,3,77
Java,cargotracker/src/main/java/org/eclipse/cargotracker/infrastructure/routing/ExternalRoutingService.java,14,8,75
SCSS,cargotracker/codemr/cargotracker/html/main_report/html/assets/sass/lbd/_alerts.scss,8,0,74
Java,cargotracker/src/test/java/org/eclipse/cargotracker/domain/model/handling/HandlingHistoryTest.java,6,0,74
Java,cargotracker/src/main/java/org/eclipse/cargotracker/infrastructure/messaging/jms/JmsApplicationEvents.java,12,0,70
Java,cargotracker/src/main/java/org/eclipse/pathfinder/api/TransitEdge.java,17,2,70
SCSS,cargotracker/codemr/cargotracker/html/main_report/html/assets/sass/lbd/_footers.scss,9,0,68
Java,cargotracker/src/test/java/org/eclipse/cargotracker/application/BookingServiceTestDataGenerator.java,10,8,68
YAML,cargotracker/.github/workflows/nightly.yml,12,0,67
Java,cargotracker/src/main/java/org/eclipse/cargotracker/domain/model/handling/HandlingEventFactory.java,16,13,66
Java,cargotracker/src/main/java/org/eclipse/cargotracker/interfaces/booking/facade/dto/Leg.java,14,1,66
Java,cargotracker/src/main/java/org/eclipse/cargotracker/interfaces/booking/sse/RealtimeCargoTrackingViewAdapter.java,20,1,65
Java,cargotracker/src/main/java/org/eclipse/cargotracker/interfaces/handling/HandlingEventRegistrationAttempt.java,12,6,65
Java,cargotracker/src/main/java/org/eclipse/cargotracker/interfaces/handling/file/EventItemWriter.java,8,0,65
Java,cargotracker/src/main/java/org/eclipse/cargotracker/domain/model/location/Location.java,18,20,61
Java,cargotracker/src/main/java/org/eclipse/cargotracker/interfaces/handling/rest/HandlingReport.java,17,3,60
Java,cargotracker/src/main/java/org/eclipse/cargotracker/interfaces/booking/web/ChangeDestination.java,16,13,59
Java,cargotracker/src/main/java/org/eclipse/cargotracker/interfaces/tracking/web/Track.java,14,11,59
SCSS,cargotracker/codemr/cargotracker/html/main_report/html/assets/sass/lbd/mixins/_chartist.scss,11,16,58
SCSS,cargotracker/codemr/cargotracker/html/main_report/html/assets/sass/lbd/mixins/_buttons.scss,12,1,57
CSS,cargotracker/codemr/cargotracker/html/main_report/html/assets/css/demo.css,5,0,56
XHTML,cargotracker/src/main/webapp/admin/tables/list_not_routed.xhtml,5,0,56
Java,cargotracker/src/main/java/org/eclipse/cargotracker/interfaces/booking/facade/internal/assembler/ItineraryCandidateDtoAssembler.java,9,0,55
Java,cargotracker/src/main/java/org/eclipse/cargotracker/interfaces/booking/sse/RealtimeCargoTrackingService.java,10,1,55
YAML,cargotracker/cargo-tracker.yml,0,0,54
SCSS,cargotracker/codemr/cargotracker/html/main_report/html/assets/sass/lbd/_misc.scss,7,2,53
Java,cargotracker/src/main/java/org/eclipse/cargotracker/domain/model/handling/HandlingHistory.java,17,6,53
Java,cargotracker/src/main/java/org/eclipse/cargotracker/domain/model/voyage/Schedule.java,15,4,53
Java,cargotracker/src/main/java/org/eclipse/cargotracker/infrastructure/persistence/jpa/JpaCargoRepository.java,15,1,53
Java,cargotracker/src/main/java/org/eclipse/cargotracker/interfaces/CoordinatesFactory.java,11,6,52
Java,cargotracker/src/main/java/org/eclipse/cargotracker/interfaces/booking/facade/dto/CargoStatus.java,12,1,51
XHTML,cargotracker/src/main/webapp/admin/tables/list_routed.xhtml,8,0,51
SCSS,cargotracker/codemr/cargotracker/html/main_report/html/assets/sass/lbd/_tables.scss,7,0,50
Java,cargotracker/src/main/java/org/eclipse/cargotracker/domain/model/location/UnLocode.java,16,12,49
Java,cargotracker/src/main/java/org/eclipse/cargotracker/domain/model/voyage/VoyageNumber.java,16,1,47
XHTML,cargotracker/src/main/webapp/WEB-INF/templates/common/admin.xhtml,5,2,47
XHTML,cargotracker/src/main/webapp/index.xhtml,2,0,47
Java,cargotracker/src/main/java/org/eclipse/cargotracker/interfaces/booking/facade/internal/assembler/TrackingEventsDtoAssembler.java,7,0,45
XHTML,cargotracker/src/main/webapp/booking/booking-date.xhtml,0,0,45
HTML,cargotracker/target/classes/org/eclipse/cargotracker/interfaces/booking/facade/dto/package.html,0,0,44
YAML,cargotracker/postgres.yml,0,0,43
Java,cargotracker/src/main/java/org/eclipse/cargotracker/domain/model/cargo/TrackingId.java,14,1,43
Java,cargotracker/src/main/java/org/eclipse/cargotracker/interfaces/booking/web/ChangeArrivalDeadline.java,12,10,42
Java,cargotracker/src/main/java/org/eclipse/cargotracker/interfaces/booking/web/ItinerarySelection.java,13,10,42
Java,cargotracker/src/main/java/org/eclipse/cargotracker/interfaces/handling/file/LineParseExceptionListener.java,10,0,42
XHTML,cargotracker/src/main/webapp/WEB-INF/templates/common/public.xhtml,5,2,42
YAML,cargotracker/.github/workflows/main.yml,4,2,41
LESS,cargotracker/codemr/cargotracker/html/main_report/html/fonts/font-awesome-4.7.0/less/mixins.less,9,10,41
SCSS,cargotracker/codemr/cargotracker/html/main_report/html/fonts/font-awesome-4.7.0/scss/_mixins.scss,9,10,41
HTML,cargotracker/codemr/cargotracker/html/main_report/htmlx/treemap.html,14,1,41
Java,cargotracker/src/main/java/org/eclipse/cargotracker/interfaces/booking/facade/internal/assembler/CargoRouteDtoAssembler.java,6,0,40
XHTML,cargotracker/src/main/webapp/booking/booking-destination.xhtml,1,3,40
HTML,cargotracker/codemr/cargotracker/html/main_report/htmlx/donutcharts.html,3,0,39
Java,cargotracker/src/main/java/org/eclipse/cargotracker/infrastructure/messaging/jms/HandlingEventRegistrationAttemptConsumer.java,4,2,39
Java,cargotracker/src/main/java/org/eclipse/cargotracker/interfaces/handling/rest/HandlingReportService.java,9,5,39
XML,cargotracker/.classpath,0,0,38
Markdown,cargotracker/CONTRIBUTING.md,27,0,38
Java,cargotracker/src/test/java/org/eclipse/cargotracker/infrastructure/routing/ExternalRoutingServiceTest.java,9,31,38
Java,cargotracker/src/main/java/org/eclipse/cargotracker/application/internal/DefaultCargoInspectionService.java,10,0,37
Java,cargotracker/src/main/java/org/eclipse/cargotracker/application/internal/DefaultHandlingEventService.java,8,11,37
Java,cargotracker/src/main/java/org/eclipse/cargotracker/interfaces/booking/web/Track.java,11,10,37
XHTML,cargotracker/src/main/webapp/admin/dialogs/change_destination.xhtml,6,0,37
Java,cargotracker/src/main/java/org/eclipse/cargotracker/infrastructure/messaging/jms/CargoHandledConsumer.java,6,6,35
Java,cargotracker/src/main/java/org/eclipse/cargotracker/interfaces/handling/file/EventFilesCheckpoint.java,10,0,35
XHTML,cargotracker/src/main/webapp/admin/about.xhtml,1,0,35
XHTML,cargotracker/src/main/webapp/admin/tables/list_claimed.xhtml,4,0,35
SCSS,cargotracker/codemr/cargotracker/html/main_report/html/assets/sass/lbd/mixins/_social-buttons.scss,9,0,34
Java,cargotracker/src/main/java/org/eclipse/cargotracker/interfaces/booking/web/ChangeArrivalDeadlineDialog.java,8,1,34
Java,cargotracker/src/main/java/org/eclipse/cargotracker/interfaces/booking/web/ChangeDestinationDialog.java,8,1,34
Java,cargotracker/src/main/java/org/eclipse/cargotracker/interfaces/booking/web/ListCargo.java,9,10,34
XHTML,cargotracker/src/main/webapp/admin/dialogs/change_arrival_deadline.xhtml,5,0,34
Java,cargotracker/src/main/java/org/eclipse/pathfinder/internal/GraphDao.java,7,0,33
Java,cargotracker/src/main/java/org/eclipse/cargotracker/infrastructure/messaging/jms/RejectedRegistrationAttemptsConsumer.java,4,0,32
Java,cargotracker/src/main/java/org/eclipse/cargotracker/application/BookingService.java,7,8,30
Java,cargotracker/src/main/java/org/eclipse/cargotracker/infrastructure/messaging/jms/DeliveredCargoConsumer.java,4,0,30
Java,cargotracker/src/main/java/org/eclipse/cargotracker/infrastructure/messaging/jms/MisdirectedCargoConsumer.java,4,0,30
XHTML,cargotracker/src/main/webapp/public/about.xhtml,0,0,30
CSS,cargotracker/codemr/cargotracker/html/main_report/html/fonts/font-codemr/css/codemr-embedded.css,7,19,29
CSS,cargotracker/codemr/cargotracker/html/main_report/html/fonts/font-codemr/css/codemr.css,9,20,29
Java,cargotracker/src/test/java/org/eclipse/cargotracker/application/HandlingEventServiceTest.java,8,26,29
SCSS,cargotracker/codemr/cargotracker/html/main_report/html/assets/sass/lbd/mixins/_morphing-buttons.scss,6,0,28
LESS,cargotracker/codemr/cargotracker/html/main_report/html/fonts/font-awesome-4.7.0/less/animated.less,4,2,28
SCSS,cargotracker/codemr/cargotracker/html/main_report/html/fonts/font-awesome-4.7.0/scss/_animated.scss,4,2,28
XHTML,cargotracker/src/main/webapp/booking/booking.xhtml,0,0,28
XHTML,cargotracker/src/main/webapp/admin/dashboard.xhtml,1,0,27
Java,cargotracker/src/main/java/org/eclipse/cargotracker/application/util/DateConverter.java,9,1,26
Java,cargotracker/src/main/java/org/eclipse/cargotracker/infrastructure/persistence/jpa/JpaHandlingEventRepository.java,6,0,26
Java,cargotracker/src/main/java/org/eclipse/pathfinder/api/TransitPath.java,9,0,26
HTML,cargotracker/codemr/cargotracker/html/main_report/htmlx/dependency.html,6,0,25
Java,cargotracker/src/main/java/org/eclipse/cargotracker/infrastructure/persistence/jpa/JpaLocationRepository.java,6,0,25
Java,cargotracker/src/main/java/org/eclipse/cargotracker/infrastructure/persistence/jpa/JpaVoyageRepository.java,6,0,25
Java,cargotracker/src/main/java/org/eclipse/cargotracker/interfaces/booking/facade/internal/assembler/LocationDtoAssembler.java,4,0,25
Java,cargotracker/src/main/java/org/eclipse/cargotracker/interfaces/booking/web/CargoDetails.java,8,10,25
XML,cargotracker/target/classes/META-INF/batch-jobs/EventFilesProcessorJob.xml,0,0,25
JSON,cargotracker/codemr/cargotracker/html/main_report/html/fonts/font-codemr/config.json,0,0,24
CSS,cargotracker/codemr/cargotracker/html/main_report/html/fonts/robotofonts.css,0,4,24
Java,cargotracker/src/main/java/org/eclipse/cargotracker/infrastructure/logging/LoggerProducer.java,8,0,24
XML,cargotracker/.project,0,0,23
XHTML,cargotracker/src/main/webapp/admin/selectItinerary.xhtml,2,0,23
HTML,cargotracker/codemr/cargotracker/html/main_report/htmlx/donutchartssimple.html,4,0,22
Java,cargotracker/src/main/java/org/eclipse/cargotracker/interfaces/booking/facade/dto/Location.java,8,1,21
Java,cargotracker/src/main/java/org/eclipse/cargotracker/interfaces/handling/file/FileProcessorJobListener.java,5,0,21
SCSS,cargotracker/codemr/cargotracker/html/main_report/html/assets/sass/lbd/mixins/_labels.scss,1,0,20
HTML,cargotracker/codemr/cargotracker/html/main_report/htmlx/reportforprint.html,8,0,20
Java,cargotracker/src/main/java/org/eclipse/cargotracker/interfaces/booking/facade/dto/TrackingEvents.java,6,0,20
Java,cargotracker/src/main/java/org/eclipse/cargotracker/interfaces/booking/facade/BookingServiceFacade.java,12,5,19
Java,cargotracker/src/main/java/org/eclipse/cargotracker/interfaces/booking/sse/LocationViewAdapter.java,7,1,19
Java,cargotracker/src/main/java/org/eclipse/cargotracker/application/HandlingEventService.java,3,4,18
Java,cargotracker/src/main/java/org/eclipse/cargotracker/interfaces/booking/facade/dto/RouteCandidate.java,7,1,18
XML,cargotracker/target/test-classes/arquillian.xml,2,0,18
Markdown,cargotracker/LICENSE.md,4,0,17
LESS,cargotracker/codemr/cargotracker/html/main_report/html/fonts/font-awesome-4.7.0/less/bordered-pulled.less,5,3,17
LESS,cargotracker/codemr/cargotracker/html/main_report/html/fonts/font-awesome-4.7.0/less/stacked.less,1,2,17
SCSS,cargotracker/codemr/cargotracker/html/main_report/html/fonts/font-awesome-4.7.0/scss/_bordered-pulled.scss,5,3,17
SCSS,cargotracker/codemr/cargotracker/html/main_report/html/fonts/font-awesome-4.7.0/scss/_stacked.scss,1,2,17
Java,cargotracker/src/main/java/org/eclipse/cargotracker/domain/shared/AbstractSpecification.java,5,8,17
SCSS,cargotracker/codemr/cargotracker/html/main_report/html/assets/sass/lbd/mixins/_transparency.scss,2,2,16
SCSS,cargotracker/codemr/cargotracker/html/main_report/html/assets/sass/light-bootstrap-dashboard.scss,5,2,16
LESS,cargotracker/codemr/cargotracker/html/main_report/html/fonts/font-awesome-4.7.0/less/list.less,1,2,16
SCSS,cargotracker/codemr/cargotracker/html/main_report/html/fonts/font-awesome-4.7.0/scss/_list.scss,1,2,16
Java,cargotracker/src/main/java/org/eclipse/cargotracker/application/util/ApplicationSettings.java,6,4,16
Java,cargotracker/src/main/java/org/eclipse/cargotracker/domain/model/location/SampleLocations.java,2,1,16
Java,cargotracker/src/main/java/org/eclipse/cargotracker/interfaces/handling/file/EventLineParseException.java,6,0,16
Java,cargotracker/src/main/java/org/eclipse/cargotracker/interfaces/handling/file/UploadDirectoryScanner.java,3,6,16
XML,cargotracker/target/classes/META-INF/persistence.xml,0,4,16
XML,cargotracker/target/test-classes/test-web.xml,0,0,16
HTML,cargotracker/codemr/cargotracker/html/main_report/htmlx/metricchartmethod.html,12,0,15
HTML,cargotracker/codemr/cargotracker/html/main_report/htmlx/metricchartpackage.html,10,0,15
HTML,cargotracker/codemr/cargotracker/html/main_report/htmlx/metricchartx.html,10,0,15
Java,cargotracker/src/main/java/org/eclipse/cargotracker/application/util/RestConfiguration.java,3,1,15
Java,cargotracker/src/main/java/org/eclipse/cargotracker/interfaces/Coordinates.java,5,4,15
SVG,cargotracker/codemr/cargotracker/html/main_report/html/assets/img/loading-bubbles.svg,0,0,14
SCSS,cargotracker/codemr/cargotracker/html/main_report/html/assets/sass/lbd/mixins/_inputs.scss,3,0,14
XML,cargotracker/target/test-classes/test-persistence.xml,0,4,14
LESS,cargotracker/codemr/cargotracker/html/main_report/html/fonts/font-awesome-4.7.0/less/font-awesome.less,1,4,13
SCSS,cargotracker/codemr/cargotracker/html/main_report/html/fonts/font-awesome-4.7.0/scss/font-awesome.scss,1,4,13
Java,cargotracker/src/main/java/org/eclipse/cargotracker/domain/model/handling/UnknownCargoException.java,6,3,13
Java,cargotracker/src/main/java/org/eclipse/cargotracker/domain/model/handling/UnknownLocationException.java,6,0,13
Java,cargotracker/src/main/java/org/eclipse/cargotracker/domain/model/handling/UnknownVoyageException.java,6,1,13
Java,cargotracker/src/main/java/org/eclipse/cargotracker/domain/shared/AndSpecification.java,4,11,13
Java,cargotracker/src/main/java/org/eclipse/cargotracker/domain/shared/OrSpecification.java,4,10,13
HTML,cargotracker/target/classes/org/eclipse/cargotracker/domain/package.html,0,0,13
SCSS,cargotracker/codemr/cargotracker/html/main_report/html/assets/sass/lbd/_mixins.scss,8,2,12
LESS,cargotracker/codemr/cargotracker/html/main_report/html/fonts/font-awesome-4.7.0/less/rotated-flipped.less,4,4,12
SCSS,cargotracker/codemr/cargotracker/html/main_report/html/fonts/font-awesome-4.7.0/scss/_rotated-flipped.scss,4,4,12
SVG,cargotracker/codemr/cargotracker/html/main_report/html/fonts/font-codemr/font/codemr.svg,0,0,12
Java,cargotracker/src/main/java/org/eclipse/cargotracker/domain/model/handling/CannotCreateHandlingEventException.java,5,6,12
XHTML,cargotracker/src/main/webapp/admin/tracking/map.xhtml,0,0,12
HTML,cargotracker/target/classes/org/eclipse/cargotracker/application/package.html,0,0,12
LESS,cargotracker/codemr/cargotracker/html/main_report/html/fonts/font-awesome-4.7.0/less/path.less,1,3,11
SCSS,cargotracker/codemr/cargotracker/html/main_report/html/fonts/font-awesome-4.7.0/scss/_path.scss,1,3,11
Java,cargotracker/src/main/java/org/eclipse/cargotracker/domain/model/cargo/TransportStatus.java,2,0,11
Java,cargotracker/src/main/java/org/eclipse/cargotracker/domain/shared/NotSpecification.java,4,7,11
Java,cargotracker/src/main/java/org/eclipse/cargotracker/infrastructure/events/cdi/CargoUpdated.java,3,0,11
XML,cargotracker/src/main/webapp/WEB-INF/faces-config.xml,0,0,11
XML,cargotracker/src/main/webapp/WEB-INF/glassfish-web.xml,0,0,11
XML,cargotracker/src/main/webapp/booking/booking-flow.xml,0,1,11
Properties,cargotracker/target/classes/org/eclipse/cargotracker/messages.properties,0,0,11
HTML,cargotracker/target/classes/org/eclipse/pathfinder/package.html,0,0,11
SCSS,cargotracker/codemr/cargotracker/html/main_report/html/assets/sass/lbd/mixins/_icons.scss,3,0,10
SCSS,cargotracker/codemr/cargotracker/html/main_report/html/assets/sass/lbd/mixins/_navbars.scss,1,0,10
Java,cargotracker/src/main/java/org/eclipse/cargotracker/application/ApplicationEvents.java,6,6,10
LESS,cargotracker/codemr/cargotracker/html/main_report/html/fonts/font-awesome-4.7.0/less/larger.less,1,3,9
SCSS,cargotracker/codemr/cargotracker/html/main_report/html/fonts/font-awesome-4.7.0/scss/_larger.scss,1,3,9
Java,cargotracker/src/main/java/org/eclipse/cargotracker/domain/model/cargo/RoutingStatus.java,2,0,9
INI,cargotracker/.settings/org.eclipse.jdt.core.prefs,0,0,8
LESS,cargotracker/codemr/cargotracker/html/main_report/html/fonts/font-awesome-4.7.0/less/core.less,2,2,8
SCSS,cargotracker/codemr/cargotracker/html/main_report/html/fonts/font-awesome-4.7.0/scss/_core.scss,2,2,8
Java,cargotracker/src/main/java/org/eclipse/cargotracker/application/CargoInspectionService.java,3,4,8
Java,cargotracker/src/main/java/org/eclipse/cargotracker/domain/model/cargo/CargoRepository.java,6,0,8
HTML,cargotracker/target/classes/org/eclipse/cargotracker/domain/service/package.html,0,0,8
SCSS,cargotracker/codemr/cargotracker/html/main_report/html/assets/sass/lbd/mixins/_cards.scss,1,0,7
CSS,cargotracker/codemr/cargotracker/html/main_report/html/fonts/font-codemr/css/codemr-ie7.css,3,3,7
Java,cargotracker/src/main/java/org/eclipse/cargotracker/domain/service/RoutingService.java,3,5,7
Java,cargotracker/src/main/java/org/eclipse/cargotracker/domain/shared/DomainObjectUtils.java,3,8,7
Java,cargotracker/src/main/java/org/eclipse/cargotracker/domain/shared/Specification.java,5,32,7
Java,cargotracker/src/main/java/org/eclipse/cargotracker/interfaces/FacesConfiguration.java,2,1,7
XML,cargotracker/src/main/webapp/WEB-INF/beans.xml,0,0,7
JSON,cargotracker/src/test/soapui/handling_report_sample.json,0,0,7
XML,cargotracker/src/test/soapui/handling_report_sample.xml,0,0,7
HTML,cargotracker/target/classes/org/eclipse/cargotracker/domain/model/package.html,0,0,7
HTML,cargotracker/target/classes/org/eclipse/cargotracker/interfaces/booking/facade/package.html,0,0,7
INI,cargotracker/.settings/org.eclipse.core.resources.prefs,0,0,6
JavaScript,cargotracker/codemr/cargotracker/html/main_report/htmlx/modeldata/summary_data.js,0,0,6
Java,cargotracker/src/main/java/org/eclipse/cargotracker/domain/model/handling/HandlingEventRepository.java,4,0,6
Java,cargotracker/src/main/java/org/eclipse/cargotracker/domain/model/location/LocationRepository.java,4,0,6
Java,cargotracker/src/main/java/org/eclipse/cargotracker/domain/model/voyage/VoyageRepository.java,4,0,6
HTML,cargotracker/target/classes/org/eclipse/cargotracker/infrastructure/messaging/jms/package.html,0,0,6
HTML,cargotracker/target/classes/org/eclipse/cargotracker/infrastructure/persistence/jpa/package.html,0,0,6
HTML,cargotracker/target/classes/org/eclipse/cargotracker/application/internal/package.html,0,0,5
HTML,cargotracker/target/classes/org/eclipse/cargotracker/application/util/package.html,0,0,5
HTML,cargotracker/target/classes/org/eclipse/cargotracker/domain/model/cargo/package.html,0,0,5
HTML,cargotracker/target/classes/org/eclipse/cargotracker/domain/model/handling/package.html,0,0,5
HTML,cargotracker/target/classes/org/eclipse/cargotracker/domain/model/location/package.html,0,0,5
HTML,cargotracker/target/classes/org/eclipse/cargotracker/domain/model/voyage/package.html,0,0,5
HTML,cargotracker/target/classes/org/eclipse/cargotracker/domain/shared/package.html,0,0,5
HTML,cargotracker/target/classes/org/eclipse/cargotracker/infrastructure/routing/package.html,0,0,5
HTML,cargotracker/target/classes/org/eclipse/cargotracker/interfaces/booking/facade/internal/assembler/package.html,0,0,5
HTML,cargotracker/target/classes/org/eclipse/cargotracker/interfaces/booking/facade/internal/package.html,0,0,5
HTML,cargotracker/target/classes/org/eclipse/cargotracker/interfaces/booking/web/package.html,0,0,5
HTML,cargotracker/target/classes/org/eclipse/cargotracker/interfaces/handling/file/package.html,0,0,5
HTML,cargotracker/target/classes/org/eclipse/cargotracker/interfaces/handling/mobile/package.html,0,0,5
HTML,cargotracker/target/classes/org/eclipse/cargotracker/interfaces/handling/package.html,0,0,5
HTML,cargotracker/target/classes/org/eclipse/cargotracker/interfaces/handling/rest/package.html,0,0,5
HTML,cargotracker/target/classes/org/eclipse/cargotracker/interfaces/tracking/web/package.html,0,0,5
HTML,cargotracker/target/classes/org/eclipse/pathfinder/api/package.html,0,0,5
HTML,cargotracker/target/classes/org/eclipse/pathfinder/internal/package.html,0,0,5
Dockerfile,cargotracker/Dockerfile,1,0,4
SCSS,cargotracker/codemr/cargotracker/html/main_report/html/assets/sass/lbd/mixins/_tabs.scss,0,0,4
LESS,cargotracker/codemr/cargotracker/html/main_report/html/fonts/font-awesome-4.7.0/less/fixed-width.less,0,2,4
SCSS,cargotracker/codemr/cargotracker/html/main_report/html/fonts/font-awesome-4.7.0/scss/_fixed-width.scss,0,2,4
CSV,cargotracker/src/test/sample/handling_events.csv,0,0,4
JavaScript,cargotracker/codemr/cargotracker/html/main_report/html/assets/js/bootstrap.min.js,0,5,2
JavaScript,cargotracker/codemr/cargotracker/html/main_report/html/assets/js/chartist.min.js,1,6,2
LESS,cargotracker/codemr/cargotracker/html/main_report/html/fonts/font-awesome-4.7.0/less/screen-reader.less,1,2,2
SCSS,cargotracker/codemr/cargotracker/html/main_report/html/fonts/font-awesome-4.7.0/scss/_screen-reader.scss,1,2,2
CSS,cargotracker/codemr/cargotracker/html/main_report/html/assets/css/animate.min.css,1,4,1
CSS,cargotracker/codemr/cargotracker/html/main_report/html/assets/css/bootstrap.min.css,0,4,1
CSS,cargotracker/codemr/cargotracker/html/main_report/html/assets/css/font-awesome.min.css,0,3,1
CSS,cargotracker/codemr/cargotracker/html/main_report/html/css/barchartstyle.css,0,0,1
CSS,cargotracker/codemr/cargotracker/html/main_report/html/css/graph.css,0,0,1
CSS,cargotracker/codemr/cargotracker/html/main_report/html/css/helptip.css,0,0,1
CSS,cargotracker/codemr/cargotracker/html/main_report/html/css/legend.css,0,0,1
CSS,cargotracker/codemr/cargotracker/html/main_report/html/css/style.css,0,0,1
CSS,cargotracker/codemr/cargotracker/html/main_report/html/css/treemap.css,0,0,1
CSS,cargotracker/codemr/cargotracker/html/main_report/html/css/vis.css,0,0,1
CSS,cargotracker/codemr/cargotracker/html/main_report/html/fonts/font-awesome-4.7.0/css/font-awesome.min.css,0,3,1
CSS,cargotracker/codemr/cargotracker/html/main_report/html/fonts/font-codemr/css/codemr-codes.css,1,0,1
CSS,cargotracker/codemr/cargotracker/html/main_report/html/fonts/font-codemr/css/codemr-ie7-codes.css,1,0,1
JavaScript,cargotracker/codemr/cargotracker/html/main_report/html/js/circlepack.js,0,0,1
JavaScript,cargotracker/codemr/cargotracker/html/main_report/html/js/d3.min.js,0,0,1
JavaScript,cargotracker/codemr/cargotracker/html/main_report/html/js/d3.tip.v0.6.3.js,0,0,1
JavaScript,cargotracker/codemr/cargotracker/html/main_report/html/js/dependency_wheel.js,0,0,1
JavaScript,cargotracker/codemr/cargotracker/html/main_report/html/js/donut3d.js,0,0,1
JavaScript,cargotracker/codemr/cargotracker/html/main_report/html/js/eq.js,0,0,1
JavaScript,cargotracker/codemr/cargotracker/html/main_report/html/js/metric_definitions.js,0,0,1
JavaScript,cargotracker/codemr/cargotracker/html/main_report/html/js/metricchart.js,0,0,1
JavaScript,cargotracker/codemr/cargotracker/html/main_report/html/js/sunburst.js,0,0,1
JavaScript,cargotracker/codemr/cargotracker/html/main_report/html/js/treemap.js,0,0,1
JavaScript,cargotracker/codemr/cargotracker/html/main_report/html/js/vis.js,0,24,1
JavaScript,cargotracker/codemr/cargotracker/html/main_report/html/js/vis_eq_cluster.js,0,0,1
JavaScript,cargotracker/codemr/cargotracker/html/main_report/html/js/vis_eq_graph_base.js,0,0,1
JavaScript,cargotracker/codemr/cargotracker/html/main_report/htmlx/modeldata/overview_metric_data.js,0,0,1
JavaScript,cargotracker/codemr/cargotracker/html/main_report/htmlx/modeldata/table_data.js,0,0,1
HTML,cargotracker/codemr/cargotracker/html/main_report/index.html,0,0,1
JavaScript,cargotracker/src/main/webapp/resources/leaflet/leaflet.js,0,5,1
SQL,cargotracker/target/classes/META-INF/initital-data.sql,0,1,1
SUM,,10155,9991,54907
