language,filename,blank,comment,code,"github.com/AlDanial/cloc v 1.92  T=0.21 s (1398.9 files/s, 243886.8 lines/s)"
JavaScript,jpetstore-6/codemr/src-jpetstore/html/main_report/html/assets/js/jquery-1.10.2.js,1544,1596,6649
CSS,jpetstore-6/codemr/src-jpetstore/html/main_report/html/assets/css/light-bootstrap-dashboard.css,238,16,3146
CSS,jpetstore-6/codemr/jpetstore-6/html/main_report/html/assets/css/light-bootstrap-dashboard.css,237,16,3140
SVG,jpetstore-6/codemr/src-jpetstore/html/main_report/html/fonts/font-awesome-4.7.0/fonts/fontawesome-webfont.svg,0,0,2671
CSS,jpetstore-6/codemr/src-jpetstore/html/main_report/html/fonts/font-awesome-4.7.0/css/font-awesome.css,0,10,2327
LESS,jpetstore-6/codemr/src-jpetstore/html/main_report/html/fonts/font-awesome-4.7.0/less/variables.less,3,3,794
SCSS,jpetstore-6/codemr/src-jpetstore/html/main_report/html/fonts/font-awesome-4.7.0/scss/_variables.scss,3,3,794
LESS,jpetstore-6/codemr/src-jpetstore/html/main_report/html/fonts/font-awesome-4.7.0/less/icons.less,1,2,786
SCSS,jpetstore-6/codemr/src-jpetstore/html/main_report/html/fonts/font-awesome-4.7.0/scss/_icons.scss,1,2,786
CSS,jpetstore-6/codemr/src-jpetstore/html/main_report/html/assets/css/pe-icon-7-stroke.css,3,1,628
PlantUML,jpetstore-6/plantuml/callgraph-codemr-kmeans.puml,76,0,400
PlantUML,jpetstore-6/plantuml/callgraph-codemr-maximization.puml,82,5,400
Maven,jpetstore-6/pom.xml,19,14,386
XML,jpetstore-6/src/site/es/xdoc/index.xml,51,12,385
XML,jpetstore-6/src/site/xdoc/index.xml,52,12,384
SCSS,jpetstore-6/codemr/src-jpetstore/html/main_report/html/assets/sass/lbd/_responsive.scss,37,2,374
JavaScript,jpetstore-6/codemr/src-jpetstore/html/main_report/html/assets/js/bootstrap-checkbox-radio-switch.js,119,26,357
XML,jpetstore-6/src/site/ko/xdoc/index.xml,50,12,346
XML,jpetstore-6/src/site/ja/xdoc/index.xml,50,12,344
HTML,jpetstore-6/codemr/src-jpetstore/html/main_report/htmlx/lbd/table.html,56,59,339
JavaScript,jpetstore-6/codemr/src-jpetstore/html/main_report/html/assets/js/bootstrap-notify.js,44,23,337
JavaScript,jpetstore-6/codemr/src-jpetstore/html/main_report/html/assets/js/bootstrap-select.js,76,28,334
HTML,jpetstore-6/codemr/jpetstore-6/html/main_report/htmlx/lbd/table.html,56,59,331
HTML,jpetstore-6/codemr/src-jpetstore/html/main_report/html/fonts/font-codemr/demo.html,11,0,298
CSS,jpetstore-6/src/main/webapp/css/jpetstore.css,46,15,272
Java,jpetstore-6/src/test/java/org/mybatis/jpetstore/ScreenTransitionIT.java,86,89,268
SCSS,jpetstore-6/codemr/src-jpetstore/html/main_report/html/assets/sass/lbd/_navbars.scss,34,2,257
HTML,jpetstore-6/codemr/src-jpetstore/html/main_report/htmlx/lbd/dashboard.html,52,32,257
HTML,jpetstore-6/codemr/jpetstore-6/html/main_report/htmlx/lbd/notifications.html,33,22,255
HTML,jpetstore-6/codemr/src-jpetstore/html/main_report/htmlx/lbd/notifications.html,33,22,255
HTML,jpetstore-6/codemr/jpetstore-6/html/main_report/htmlx/lbd/dashboard.html,51,32,251
XML,jpetstore-6/jpetstore-6.java.hsp,0,0,248
Java,jpetstore-6/src/main/java/org/mybatis/jpetstore/domain/Order.java,69,28,238
SCSS,jpetstore-6/codemr/src-jpetstore/html/main_report/html/assets/sass/lbd/_checkbox-radio-switch.scss,11,10,225
JavaScript,jpetstore-6/codemr/jpetstore-6-eclipse/html/html_report_jpetstore-6/htmlx/modeldata/sunburst_data.js,0,0,215
JavaScript,jpetstore-6/codemr/jpetstore-6-eclipse/html/main_report/htmlx/modeldata/sunburst_data.js,0,0,215
JavaScript,jpetstore-6/codemr/src-jpetstore/html/html_report_jpetstore/htmlx/modeldata/sunburst_data.js,0,0,215
JavaScript,jpetstore-6/codemr/src-jpetstore/html/main_report/htmlx/modeldata/sunburst_data.js,0,0,215
Bourne Shell,jpetstore-6/mvnw,33,62,215
SCSS,jpetstore-6/codemr/src-jpetstore/html/main_report/html/assets/sass/lbd/_sidebar-and-main-panel.scss,31,0,213
JavaScript,jpetstore-6/codemr/jpetstore-6/html/main_report/htmlx/modeldata/sunburst_data.js,0,0,212
SVG,jpetstore-6/codemr/src-jpetstore/html/main_report/html/assets/fonts/Pe-icon-7-stroke.svg,0,0,212
Java,jpetstore-6/src/test/java/org/mybatis/jpetstore/mapper/OrderMapperTest.java,21,27,199
SCSS,jpetstore-6/codemr/src-jpetstore/html/main_report/html/assets/sass/lbd/_cards.scss,21,0,186
HTML,jpetstore-6/codemr/jpetstore-6-eclipse/html/main_report/htmlx/lbd/metricdescriptions.html,39,43,179
HTML,jpetstore-6/codemr/jpetstore-6/html/main_report/htmlx/lbd/metricdescriptions.html,39,43,179
HTML,jpetstore-6/codemr/src-jpetstore/html/main_report/htmlx/lbd/metricdescriptions.html,39,43,179
SCSS,jpetstore-6/codemr/src-jpetstore/html/main_report/html/assets/sass/lbd/_chartist.scss,39,13,178
SCSS,jpetstore-6/codemr/src-jpetstore/html/main_report/html/assets/sass/lbd/_variables.scss,82,6,177
HTML,jpetstore-6/codemr/jpetstore-6-eclipse/html/main_report/htmlx/lbd/graphs.html,45,49,169
HTML,jpetstore-6/codemr/jpetstore-6/html/main_report/htmlx/lbd/graphs.html,45,49,169
HTML,jpetstore-6/codemr/src-jpetstore/html/main_report/htmlx/lbd/graphs.html,45,49,169
Java,jpetstore-6/src/test/java/org/mybatis/jpetstore/mapper/AccountMapperTest.java,44,39,165
SCSS,jpetstore-6/codemr/src-jpetstore/html/main_report/html/assets/sass/lbd/mixins/_vendor-prefixes.scss,22,3,164
HTML,jpetstore-6/codemr/src-jpetstore/html/main_report/htmlx/donut.html,29,1,149
JSP,jpetstore-6/src/main/webapp/WEB-INF/jsp/order/ViewOrder.jsp,12,12,149
DOS Batch,jpetstore-6/mvnw.cmd,35,0,147
Java,jpetstore-6/src/main/java/org/mybatis/jpetstore/web/actions/CatalogActionBean.java,41,43,135
SQL,jpetstore-6/target/classes/database/jpetstore-hsqldb-schema.sql,15,15,135
Java,jpetstore-6/src/main/java/org/mybatis/jpetstore/domain/Account.java,42,20,134
HTML,jpetstore-6/src/main/webapp/help.html,43,12,128
SCSS,jpetstore-6/codemr/src-jpetstore/html/main_report/html/assets/sass/lbd/_inputs.scss,15,0,126
JavaScript,jpetstore-6/codemr/src-jpetstore/html/main_report/html/assets/js/demo.js,26,1,125
CSS,jpetstore-6/codemr/src-jpetstore/html/main_report/html/assets/css/helptip.css,24,4,120
Java,jpetstore-6/src/main/java/org/mybatis/jpetstore/web/actions/OrderActionBean.java,36,43,118
Java,jpetstore-6/src/test/java/org/mybatis/jpetstore/domain/CartTest.java,30,39,118
JavaScript,jpetstore-6/codemr/src-jpetstore/html/main_report/htmlx/modeldata/defaultclassmetrics.js,6,4,117
Java,jpetstore-6/src/main/java/org/mybatis/jpetstore/web/actions/AccountActionBean.java,32,59,117
Java,jpetstore-6/src/test/java/org/mybatis/jpetstore/service/OrderServiceTest.java,32,37,113
JavaScript,jpetstore-6/codemr/src-jpetstore/html/main_report/html/assets/js/light-bootstrap-dashboard.js,36,12,111
SCSS,jpetstore-6/codemr/src-jpetstore/html/main_report/html/assets/sass/lbd/_dropdown.scss,16,1,103
JSP,jpetstore-6/src/main/webapp/WEB-INF/jsp/common/IncludeTop.jsp,17,12,102
Java,jpetstore-6/src/test/java/org/mybatis/jpetstore/service/CatalogServiceTest.java,46,46,102
XML,jpetstore-6/target/classes/org/mybatis/jpetstore/mapper/AccountMapper.xml,18,12,102
HTML,jpetstore-6/codemr/jpetstore-6/html/main_report/htmlx/lbd/template.html,37,18,99
HTML,jpetstore-6/codemr/src-jpetstore/html/main_report/htmlx/lbd/template.html,37,18,99
Java,jpetstore-6/src/test/java/org/mybatis/jpetstore/mapper/ItemMapperTest.java,21,27,97
Java,jpetstore-6/src/main/java/org/mybatis/jpetstore/domain/Item.java,30,20,95
SCSS,jpetstore-6/codemr/src-jpetstore/html/main_report/html/assets/sass/lbd/_buttons.scss,13,2,93
JSP,jpetstore-6/src/main/webapp/WEB-INF/jsp/order/ConfirmOrder.jsp,17,12,93
SQL,jpetstore-6/target/classes/database/jpetstore-hsqldb-dataload.sql,11,15,91
HTML,jpetstore-6/codemr/jpetstore-6/html/main_report/htmlx/circlepack.html,26,0,87
HTML,jpetstore-6/codemr/src-jpetstore/html/main_report/htmlx/circlepack.html,26,0,87
HTML,jpetstore-6/codemr/jpetstore-6/html/main_report/htmlx/sunburst.html,20,0,86
HTML,jpetstore-6/codemr/src-jpetstore/html/main_report/htmlx/Xdonut.html,20,1,86
HTML,jpetstore-6/codemr/src-jpetstore/html/main_report/htmlx/sunburst.html,20,0,86
XML,jpetstore-6/target/classes/org/mybatis/jpetstore/mapper/OrderMapper.xml,12,12,85
SCSS,jpetstore-6/codemr/src-jpetstore/html/main_report/html/assets/sass/lbd/_typography.scss,7,1,82
Markdown,jpetstore-6/codemr/jpetstore-6/html/main_report/htmlx/lbd/README.md,31,0,78
JSP,jpetstore-6/src/main/webapp/WEB-INF/jsp/cart/Cart.jsp,15,12,78
CSS,jpetstore-6/codemr/src-jpetstore/html/main_report/html/fonts/font-codemr/css/animation.css,5,3,77
Java,jpetstore-6/.mvn/wrapper/MavenWrapperDownloader.java,10,31,76
Java,jpetstore-6/src/main/java/org/mybatis/jpetstore/web/actions/CartActionBean.java,24,39,76
PlantUML,jpetstore-6/plantuml/xcallgraph.puml,33,3,75
SCSS,jpetstore-6/codemr/src-jpetstore/html/main_report/html/assets/sass/lbd/_alerts.scss,8,0,74
Java,jpetstore-6/src/test/java/org/mybatis/jpetstore/mapper/ProductMapperTest.java,15,24,74
Java,jpetstore-6/src/main/java/org/mybatis/jpetstore/domain/LineItem.java,21,28,69
Java,jpetstore-6/src/main/java/org/mybatis/jpetstore/service/OrderService.java,13,47,69
JSP,jpetstore-6/src/main/webapp/WEB-INF/jsp/catalog/Main.jsp,11,12,69
SCSS,jpetstore-6/codemr/src-jpetstore/html/main_report/html/assets/sass/lbd/_footers.scss,9,0,68
JSP,jpetstore-6/src/main/webapp/WEB-INF/jsp/account/IncludeAccountFields.jsp,9,12,66
JSP,jpetstore-6/src/main/webapp/WEB-INF/jsp/order/NewOrderForm.jsp,13,12,66
Java,jpetstore-6/src/main/java/org/mybatis/jpetstore/domain/Cart.java,15,46,63
Java,jpetstore-6/src/test/java/org/mybatis/jpetstore/web/actions/CatalogActionBeanTest.java,47,47,61
Java,jpetstore-6/src/test/java/org/mybatis/jpetstore/domain/OrderTest.java,10,18,59
SCSS,jpetstore-6/codemr/src-jpetstore/html/main_report/html/assets/sass/lbd/mixins/_chartist.scss,11,16,58
XML,jpetstore-6/target/classes/org/mybatis/jpetstore/mapper/ItemMapper.xml,12,12,58
SCSS,jpetstore-6/codemr/src-jpetstore/html/main_report/html/assets/sass/lbd/mixins/_buttons.scss,12,1,57
CSS,jpetstore-6/codemr/src-jpetstore/html/main_report/html/assets/css/demo.css,5,0,56
Markdown,jpetstore-6/README.md,20,0,55
SVG,jpetstore-6/codemr/src-jpetstore/html/main_report/html/assets/img/codemr-lg.svg,0,0,55
Java,jpetstore-6/src/test/java/org/mybatis/jpetstore/mapper/LineItemMapperTest.java,15,21,54
Java,jpetstore-6/src/test/java/org/mybatis/jpetstore/web/actions/AccountActionBeanTest.java,28,34,54
SCSS,jpetstore-6/codemr/src-jpetstore/html/main_report/html/assets/sass/lbd/_misc.scss,7,2,53
Java,jpetstore-6/src/test/java/org/mybatis/jpetstore/mapper/CategoryMapperTest.java,12,21,53
Java,jpetstore-6/src/test/java/org/mybatis/jpetstore/service/AccountServiceTest.java,18,31,53
SVG,jpetstore-6/codemr/src-jpetstore/html/main_report/html/assets/img/codemr-sm-32x32.svg,0,0,51
SVG,jpetstore-6/codemr/src-jpetstore/html/main_report/html/assets/img/codemr-sm.svg,0,0,51
SCSS,jpetstore-6/codemr/src-jpetstore/html/main_report/html/assets/sass/lbd/_tables.scss,7,0,50
Java,jpetstore-6/src/main/java/org/mybatis/jpetstore/service/CatalogService.java,13,27,49
JSP,jpetstore-6/src/main/webapp/WEB-INF/jsp/cart/Checkout.jsp,15,12,49
JSP,jpetstore-6/src/main/webapp/WEB-INF/jsp/catalog/Product.jsp,17,12,48
JSP,jpetstore-6/src/main/webapp/WEB-INF/jsp/catalog/Item.jsp,14,12,46
JSP,jpetstore-6/src/main/webapp/WEB-INF/jsp/order/ShippingForm.jsp,13,12,43
Java,jpetstore-6/src/main/java/org/mybatis/jpetstore/domain/CartItem.java,14,20,42
XML,jpetstore-6/src/main/webapp/WEB-INF/web.xml,5,12,42
HTML,jpetstore-6/codemr/jpetstore-6/html/main_report/htmlx/treemap.html,14,1,41
LESS,jpetstore-6/codemr/src-jpetstore/html/main_report/html/fonts/font-awesome-4.7.0/less/mixins.less,9,10,41
SCSS,jpetstore-6/codemr/src-jpetstore/html/main_report/html/fonts/font-awesome-4.7.0/scss/_mixins.scss,9,10,41
HTML,jpetstore-6/codemr/src-jpetstore/html/main_report/htmlx/treemap.html,14,1,41
Properties,jpetstore-6/target/impsort-maven-cache.properties,0,1,41
HTML,jpetstore-6/codemr/jpetstore-6/html/main_report/htmlx/donutcharts.html,3,0,39
HTML,jpetstore-6/codemr/src-jpetstore/html/main_report/htmlx/donutcharts.html,3,0,39
XML,jpetstore-6/.classpath,0,0,38
Java,jpetstore-6/src/main/java/org/mybatis/jpetstore/domain/Product.java,14,20,37
Java,jpetstore-6/src/test/java/org/mybatis/jpetstore/mapper/MapperTestContext.java,8,15,36
JSP,jpetstore-6/src/main/webapp/WEB-INF/jsp/catalog/SearchProducts.jsp,15,12,35
SCSS,jpetstore-6/codemr/src-jpetstore/html/main_report/html/assets/sass/lbd/mixins/_social-buttons.scss,9,0,34
XML,jpetstore-6/target/classes/org/mybatis/jpetstore/mapper/ProductMapper.xml,11,12,33
Java,jpetstore-6/src/main/java/org/mybatis/jpetstore/service/AccountService.java,11,32,32
Java,jpetstore-6/src/test/java/org/mybatis/jpetstore/mapper/SequenceMapperTest.java,12,21,32
Java,jpetstore-6/src/main/java/org/mybatis/jpetstore/domain/Category.java,12,20,30
YAML,jpetstore-6/.github/workflows/support.yaml,4,15,29
CSS,jpetstore-6/codemr/src-jpetstore/html/main_report/html/fonts/font-codemr/css/codemr-embedded.css,7,19,29
CSS,jpetstore-6/codemr/src-jpetstore/html/main_report/html/fonts/font-codemr/css/codemr.css,9,20,29
YAML,jpetstore-6/.github/workflows/ci.yaml,4,15,28
SCSS,jpetstore-6/codemr/src-jpetstore/html/main_report/html/assets/sass/lbd/mixins/_morphing-buttons.scss,6,0,28
LESS,jpetstore-6/codemr/src-jpetstore/html/main_report/html/fonts/font-awesome-4.7.0/less/animated.less,4,2,28
SCSS,jpetstore-6/codemr/src-jpetstore/html/main_report/html/fonts/font-awesome-4.7.0/scss/_animated.scss,4,2,28
XML,jpetstore-6/src/main/webapp/WEB-INF/applicationContext.xml,11,18,27
HTML,jpetstore-6/codemr/src-jpetstore/html/main_report/htmlx/dependency.html,6,0,26
Java,jpetstore-6/src/test/java/org/mybatis/jpetstore/web/actions/OrderActionBeanTest.java,19,27,26
HTML,jpetstore-6/codemr/jpetstore-6-eclipse/html/main_report/htmlx/dependency.html,6,0,25
HTML,jpetstore-6/codemr/jpetstore-6/html/main_report/htmlx/dependency.html,6,0,25
Java,jpetstore-6/src/main/java/org/mybatis/jpetstore/domain/Sequence.java,11,20,25
JSP,jpetstore-6/src/main/webapp/WEB-INF/jsp/account/EditAccountForm.jsp,11,12,25
JSP,jpetstore-6/src/main/webapp/WEB-INF/jsp/catalog/Category.jsp,13,12,25
YAML,jpetstore-6/.github/workflows/coveralls.yaml,3,15,24
CSS,jpetstore-6/codemr/jpetstore-6/html/main_report/html/fonts/robotofonts.css,0,4,24
JSON,jpetstore-6/codemr/src-jpetstore/html/main_report/html/fonts/font-codemr/config.json,0,0,24
CSS,jpetstore-6/codemr/src-jpetstore/html/main_report/html/fonts/robotofonts.css,0,4,24
JSP,jpetstore-6/src/main/webapp/WEB-INF/jsp/order/ListOrders.jsp,11,12,24
YAML,jpetstore-6/.github/workflows/sonar.yaml,3,16,23
XML,jpetstore-6/.project,0,0,23
PlantUML,jpetstore-6/plantuml/callgraph.puml,19,0,23
JSP,jpetstore-6/src/main/webapp/WEB-INF/jsp/account/NewAccountForm.jsp,12,12,23
HTML,jpetstore-6/codemr/jpetstore-6/html/main_report/htmlx/donutchartssimple.html,4,0,22
HTML,jpetstore-6/codemr/src-jpetstore/html/main_report/htmlx/donutchartssimple.html,4,0,22
YAML,jpetstore-6/.github/workflows/sonatype.yaml,3,15,21
Java,jpetstore-6/src/main/java/org/mybatis/jpetstore/web/actions/AbstractActionBean.java,10,20,21
XML,jpetstore-6/target/classes/org/mybatis/jpetstore/mapper/CategoryMapper.xml,10,12,21
HTML,jpetstore-6/codemr/jpetstore-6/html/main_report/htmlx/reportforprint.html,8,0,20
SCSS,jpetstore-6/codemr/src-jpetstore/html/main_report/html/assets/sass/lbd/mixins/_labels.scss,1,0,20
HTML,jpetstore-6/codemr/src-jpetstore/html/main_report/htmlx/reportforprint.html,8,0,20
XML,jpetstore-6/target/classes/org/mybatis/jpetstore/mapper/LineItemMapper.xml,10,12,20
XML,jpetstore-6/.mvn/settings.xml,5,12,19
YAML,jpetstore-6/.github/dependabot.yml,1,15,17
LESS,jpetstore-6/codemr/src-jpetstore/html/main_report/html/fonts/font-awesome-4.7.0/less/bordered-pulled.less,5,3,17
LESS,jpetstore-6/codemr/src-jpetstore/html/main_report/html/fonts/font-awesome-4.7.0/less/stacked.less,1,2,17
SCSS,jpetstore-6/codemr/src-jpetstore/html/main_report/html/fonts/font-awesome-4.7.0/scss/_bordered-pulled.scss,5,3,17
SCSS,jpetstore-6/codemr/src-jpetstore/html/main_report/html/fonts/font-awesome-4.7.0/scss/_stacked.scss,1,2,17
SCSS,jpetstore-6/codemr/src-jpetstore/html/main_report/html/assets/sass/lbd/mixins/_transparency.scss,2,2,16
SCSS,jpetstore-6/codemr/src-jpetstore/html/main_report/html/assets/sass/light-bootstrap-dashboard.scss,5,2,16
LESS,jpetstore-6/codemr/src-jpetstore/html/main_report/html/fonts/font-awesome-4.7.0/less/list.less,1,2,16
SCSS,jpetstore-6/codemr/src-jpetstore/html/main_report/html/fonts/font-awesome-4.7.0/scss/_list.scss,1,2,16
XML,jpetstore-6/target/classes/org/mybatis/jpetstore/mapper/SequenceMapper.xml,10,12,16
HTML,jpetstore-6/codemr/jpetstore-6/html/main_report/htmlx/metricchartmethod.html,12,0,15
HTML,jpetstore-6/codemr/jpetstore-6/html/main_report/htmlx/metricchartpackage.html,10,0,15
HTML,jpetstore-6/codemr/jpetstore-6/html/main_report/htmlx/metricchartx.html,10,0,15
HTML,jpetstore-6/codemr/src-jpetstore/html/main_report/htmlx/metricchartmethod.html,12,0,15
HTML,jpetstore-6/codemr/src-jpetstore/html/main_report/htmlx/metricchartpackage.html,10,0,15
HTML,jpetstore-6/codemr/src-jpetstore/html/main_report/htmlx/metricchartx.html,10,0,15
HTML,jpetstore-6/src/main/webapp/index.html,11,12,15
SVG,jpetstore-6/codemr/src-jpetstore/html/main_report/html/assets/img/loading-bubbles.svg,0,0,14
SCSS,jpetstore-6/codemr/src-jpetstore/html/main_report/html/assets/sass/lbd/mixins/_inputs.scss,3,0,14
JavaScript,jpetstore-6/codemr/src-jpetstore/html/main_report/htmlx/modeldata/packagedependency.js,0,0,14
JSP,jpetstore-6/src/main/webapp/WEB-INF/jsp/cart/IncludeMyList.jsp,6,12,14
JSP,jpetstore-6/src/main/webapp/WEB-INF/jsp/common/IncludeBottom.jsp,10,12,14
LESS,jpetstore-6/codemr/src-jpetstore/html/main_report/html/fonts/font-awesome-4.7.0/less/font-awesome.less,1,4,13
SCSS,jpetstore-6/codemr/src-jpetstore/html/main_report/html/fonts/font-awesome-4.7.0/scss/font-awesome.scss,1,4,13
SCSS,jpetstore-6/codemr/src-jpetstore/html/main_report/html/assets/sass/lbd/_mixins.scss,8,2,12
LESS,jpetstore-6/codemr/src-jpetstore/html/main_report/html/fonts/font-awesome-4.7.0/less/rotated-flipped.less,4,4,12
SCSS,jpetstore-6/codemr/src-jpetstore/html/main_report/html/fonts/font-awesome-4.7.0/scss/_rotated-flipped.scss,4,4,12
SVG,jpetstore-6/codemr/src-jpetstore/html/main_report/html/fonts/font-codemr/font/codemr.svg,0,0,12
Java,jpetstore-6/src/main/java/org/mybatis/jpetstore/mapper/AccountMapper.java,11,20,12
JSP,jpetstore-6/src/main/webapp/WEB-INF/jsp/account/SignonForm.jsp,10,12,12
LESS,jpetstore-6/codemr/src-jpetstore/html/main_report/html/fonts/font-awesome-4.7.0/less/path.less,1,3,11
SCSS,jpetstore-6/codemr/src-jpetstore/html/main_report/html/fonts/font-awesome-4.7.0/scss/_path.scss,1,3,11
PlantUML,jpetstore-6/plantuml/sequence.puml,2,0,11
XML,jpetstore-6/src/site/site.xml,7,12,11
SCSS,jpetstore-6/codemr/src-jpetstore/html/main_report/html/assets/sass/lbd/mixins/_icons.scss,3,0,10
SCSS,jpetstore-6/codemr/src-jpetstore/html/main_report/html/assets/sass/lbd/mixins/_navbars.scss,1,0,10
Java,jpetstore-6/src/main/java/org/mybatis/jpetstore/mapper/ItemMapper.java,8,20,10
XML,jpetstore-6/src/site/site_es.xml,8,12,10
XML,jpetstore-6/src/site/site_ja.xml,8,12,10
XML,jpetstore-6/src/site/site_ko.xml,8,12,10
LESS,jpetstore-6/codemr/src-jpetstore/html/main_report/html/fonts/font-awesome-4.7.0/less/larger.less,1,3,9
SCSS,jpetstore-6/codemr/src-jpetstore/html/main_report/html/fonts/font-awesome-4.7.0/scss/_larger.scss,1,3,9
Java,jpetstore-6/src/main/java/org/mybatis/jpetstore/mapper/OrderMapper.java,8,20,9
XML,jpetstore-6/.mvn/extensions.xml,5,12,8
INI,jpetstore-6/.settings/org.eclipse.jdt.core.prefs,0,0,8
LESS,jpetstore-6/codemr/src-jpetstore/html/main_report/html/fonts/font-awesome-4.7.0/less/core.less,2,2,8
SCSS,jpetstore-6/codemr/src-jpetstore/html/main_report/html/fonts/font-awesome-4.7.0/scss/_core.scss,2,2,8
Java,jpetstore-6/src/main/java/org/mybatis/jpetstore/mapper/ProductMapper.java,7,20,8
SCSS,jpetstore-6/codemr/src-jpetstore/html/main_report/html/assets/sass/lbd/mixins/_cards.scss,1,0,7
CSS,jpetstore-6/codemr/src-jpetstore/html/main_report/html/fonts/font-codemr/css/codemr-ie7.css,3,3,7
Java,jpetstore-6/src/main/java/org/mybatis/jpetstore/mapper/CategoryMapper.java,6,20,7
Java,jpetstore-6/src/main/java/org/mybatis/jpetstore/mapper/LineItemMapper.java,6,20,7
CSS,jpetstore-6/src/site/resources/css/site.css,1,22,7
INI,jpetstore-6/.settings/org.eclipse.core.resources.prefs,0,0,6
JavaScript,jpetstore-6/codemr/src-jpetstore/html/main_report/htmlx/modeldata/summary_data.js,0,0,6
Java,jpetstore-6/src/main/java/org/mybatis/jpetstore/mapper/SequenceMapper.java,4,20,6
SCSS,jpetstore-6/codemr/src-jpetstore/html/main_report/html/assets/sass/lbd/mixins/_tabs.scss,0,0,4
LESS,jpetstore-6/codemr/src-jpetstore/html/main_report/html/fonts/font-awesome-4.7.0/less/fixed-width.less,0,2,4
SCSS,jpetstore-6/codemr/src-jpetstore/html/main_report/html/fonts/font-awesome-4.7.0/scss/_fixed-width.scss,0,2,4
XML,jpetstore-6/format.xml,5,13,4
JavaScript,jpetstore-6/codemr/jpetstore-6-eclipse/html/workingsets.js,0,0,3
JavaScript,jpetstore-6/codemr/src-jpetstore/html/workingsets.js,0,0,3
JSP,jpetstore-6/src/main/webapp/WEB-INF/jsp/common/Error.jsp,7,12,3
Properties,jpetstore-6/.mvn/wrapper/maven-wrapper.properties,0,0,2
JavaScript,jpetstore-6/codemr/src-jpetstore/html/main_report/html/assets/js/bootstrap.min.js,0,5,2
JavaScript,jpetstore-6/codemr/src-jpetstore/html/main_report/html/assets/js/chartist.min.js,1,6,2
LESS,jpetstore-6/codemr/src-jpetstore/html/main_report/html/fonts/font-awesome-4.7.0/less/screen-reader.less,1,2,2
SCSS,jpetstore-6/codemr/src-jpetstore/html/main_report/html/fonts/font-awesome-4.7.0/scss/_screen-reader.scss,1,2,2
JSON,jpetstore-6/codemr/idmap.json,0,0,1
HTML,jpetstore-6/codemr/jpetstore-6-eclipse/html/graph_htmls/all_bymodularity.html,0,0,1
HTML,jpetstore-6/codemr/jpetstore-6-eclipse/html/graph_htmls/all_bypackage.html,0,0,1
HTML,jpetstore-6/codemr/jpetstore-6-eclipse/html/graph_htmls/all_byprojectmodule.html,0,0,1
HTML,jpetstore-6/codemr/jpetstore-6-eclipse/html/graph_htmls/all_nm.html,0,0,1
HTML,jpetstore-6/codemr/jpetstore-6-eclipse/html/graph_htmls/all_nm_inheritance.html,0,0,1
JavaScript,jpetstore-6/codemr/jpetstore-6-eclipse/html/graph_htmls/graphlist.js,0,0,1
JavaScript,jpetstore-6/codemr/jpetstore-6-eclipse/html/html_report_jpetstore-6/htmlx/modeldata/overview_metric_data.js,0,0,1
CSS,jpetstore-6/codemr/jpetstore-6/html/main_report/html/css/graph.css,0,0,1
CSS,jpetstore-6/codemr/jpetstore-6/html/main_report/html/css/legend.css,0,0,1
JavaScript,jpetstore-6/codemr/jpetstore-6/html/main_report/html/js/eq.js,0,0,1
JavaScript,jpetstore-6/codemr/jpetstore-6/html/main_report/html/js/vis_eq_graph_base.js,0,0,1
JavaScript,jpetstore-6/codemr/jpetstore-6/html/main_report/htmlx/modeldata/overview_metric_data.js,0,0,1
JavaScript,jpetstore-6/codemr/jpetstore-6/html/main_report/htmlx/modeldata/table_data.js,0,0,1
HTML,jpetstore-6/codemr/src-jpetstore/html/graph_htmls/all-by-modularity.html,0,0,1
HTML,jpetstore-6/codemr/src-jpetstore/html/graph_htmls/all-by-package.html,0,0,1
HTML,jpetstore-6/codemr/src-jpetstore/html/graph_htmls/all-by-project-module.html,0,0,1
HTML,jpetstore-6/codemr/src-jpetstore/html/graph_htmls/all-inheritance.html,0,0,1
HTML,jpetstore-6/codemr/src-jpetstore/html/graph_htmls/all-package-deps.html,0,0,1
HTML,jpetstore-6/codemr/src-jpetstore/html/graph_htmls/all-ug.html,0,0,1
JavaScript,jpetstore-6/codemr/src-jpetstore/html/graph_htmls/graphlist.js,0,0,1
JavaScript,jpetstore-6/codemr/src-jpetstore/html/html_report_jpetstore/htmlx/modeldata/overview_metric_data.js,0,0,1
CSS,jpetstore-6/codemr/src-jpetstore/html/main_report/html/assets/css/animate.min.css,1,4,1
CSS,jpetstore-6/codemr/src-jpetstore/html/main_report/html/assets/css/bootstrap.min.css,0,4,1
CSS,jpetstore-6/codemr/src-jpetstore/html/main_report/html/assets/css/font-awesome.min.css,0,3,1
CSS,jpetstore-6/codemr/src-jpetstore/html/main_report/html/css/barchartstyle.css,0,0,1
CSS,jpetstore-6/codemr/src-jpetstore/html/main_report/html/css/graph.css,0,0,1
CSS,jpetstore-6/codemr/src-jpetstore/html/main_report/html/css/helptip.css,0,0,1
CSS,jpetstore-6/codemr/src-jpetstore/html/main_report/html/css/legend.css,0,0,1
CSS,jpetstore-6/codemr/src-jpetstore/html/main_report/html/css/style.css,0,0,1
CSS,jpetstore-6/codemr/src-jpetstore/html/main_report/html/css/treemap.css,0,0,1
CSS,jpetstore-6/codemr/src-jpetstore/html/main_report/html/css/vis.css,0,0,1
CSS,jpetstore-6/codemr/src-jpetstore/html/main_report/html/fonts/font-awesome-4.7.0/css/font-awesome.min.css,0,3,1
CSS,jpetstore-6/codemr/src-jpetstore/html/main_report/html/fonts/font-codemr/css/codemr-codes.css,1,0,1
CSS,jpetstore-6/codemr/src-jpetstore/html/main_report/html/fonts/font-codemr/css/codemr-ie7-codes.css,1,0,1
JavaScript,jpetstore-6/codemr/src-jpetstore/html/main_report/html/js/circlepack.js,0,0,1
JavaScript,jpetstore-6/codemr/src-jpetstore/html/main_report/html/js/d3.min.js,0,0,1
JavaScript,jpetstore-6/codemr/src-jpetstore/html/main_report/html/js/d3.tip.v0.6.3.js,0,0,1
JavaScript,jpetstore-6/codemr/src-jpetstore/html/main_report/html/js/dependency_wheel.js,0,0,1
JavaScript,jpetstore-6/codemr/src-jpetstore/html/main_report/html/js/donut3d.js,0,0,1
JavaScript,jpetstore-6/codemr/src-jpetstore/html/main_report/html/js/eq.js,0,0,1
JavaScript,jpetstore-6/codemr/src-jpetstore/html/main_report/html/js/metric_definitions.js,0,0,1
JavaScript,jpetstore-6/codemr/src-jpetstore/html/main_report/html/js/metricchart.js,0,0,1
JavaScript,jpetstore-6/codemr/src-jpetstore/html/main_report/html/js/sunburst.js,0,0,1
JavaScript,jpetstore-6/codemr/src-jpetstore/html/main_report/html/js/treemap.js,0,0,1
JavaScript,jpetstore-6/codemr/src-jpetstore/html/main_report/html/js/vis.js,0,24,1
JavaScript,jpetstore-6/codemr/src-jpetstore/html/main_report/html/js/vis_eq_cluster.js,0,0,1
JavaScript,jpetstore-6/codemr/src-jpetstore/html/main_report/html/js/vis_eq_graph_base.js,0,0,1
JavaScript,jpetstore-6/codemr/src-jpetstore/html/main_report/htmlx/modeldata/overview_metric_data.js,0,0,1
JavaScript,jpetstore-6/codemr/src-jpetstore/html/main_report/htmlx/modeldata/table_data.js,0,0,1
HTML,jpetstore-6/codemr/src-jpetstore/html/main_report/index.html,0,0,1
Properties,jpetstore-6/target/classes/StripesResources.properties,1,15,0
SUM,,5798,4569,41238
