ftgo-monolith.net.chrisrichardson.ftgo.FtgoApplicationTest,extends,ftgo-monolith.net.chrisrichardson.ftgo.endtoendtests.common.AbstractEndToEndTests,FtgoApplicationTest uses AbstractEndToEndTests [1]
ftgo-monolith.net.chrisrichardson.ftgo.common.CommonConfiguration,returns,ftgo-monolith.net.chrisrichardson.ftgo.common.CommonJsonMapperInitializer,CommonConfiguration uses CommonJsonMapperInitializer [1]
ftgo-monolith.net.chrisrichardson.ftgo.common.MoneyModule,returns,ftgo-monolith.net.chrisrichardson.ftgo.common.Money,MoneyModule uses Money [4]
ftgo-monolith.net.chrisrichardson.ftgo.common.MoneySerializationTest,returns,ftgo-monolith.net.chrisrichardson.ftgo.common.Money,MoneySerializationTest uses Money [4]
ftgo-monolith.net.chrisrichardson.ftgo.common.MoneyTest,references,ftgo-monolith.net.chrisrichardson.ftgo.common.Money,MoneyTest uses Money [4]
ftgo-monolith.net.chrisrichardson.ftgo.consumerservice.api.web.CreateConsumerRequest,returns,ftgo-monolith.net.chrisrichardson.ftgo.common.PersonName,CreateConsumerRequest uses PersonName [4]
ftgo-monolith.net.chrisrichardson.ftgo.consumerservice.domain.ConsumerConfiguration,returns,ftgo-monolith.net.chrisrichardson.ftgo.consumerservice.domain.ConsumerService,ConsumerConfiguration uses ConsumerService [1]
ftgo-monolith.net.chrisrichardson.ftgo.consumerservice.domain.ConsumerNotFoundException,extends,ftgo-monolith.net.chrisrichardson.ftgo.consumerservice.domain.ConsumerVerificationFailedException,ConsumerNotFoundException uses ConsumerVerificationFailedException [2]
ftgo-monolith.net.chrisrichardson.ftgo.consumerservice.domain.ConsumerService,has param,ftgo-monolith.net.chrisrichardson.ftgo.common.Money,ConsumerService uses Money [1]
ftgo-monolith.net.chrisrichardson.ftgo.consumerservice.domain.ConsumerService,has param,ftgo-monolith.net.chrisrichardson.ftgo.common.PersonName,ConsumerService uses PersonName [1]
ftgo-monolith.net.chrisrichardson.ftgo.consumerservice.domain.ConsumerService,returns,ftgo-monolith.net.chrisrichardson.ftgo.domain.Consumer,ConsumerService uses Consumer [2]
ftgo-monolith.net.chrisrichardson.ftgo.consumerservice.domain.ConsumerService,is type,ftgo-monolith.net.chrisrichardson.ftgo.domain.ConsumerRepository,ConsumerService uses ConsumerRepository [1]
ftgo-monolith.net.chrisrichardson.ftgo.consumerservice.web.ConsumerController,has param,ftgo-monolith.net.chrisrichardson.ftgo.consumerservice.api.web.CreateConsumerRequest,ConsumerController uses CreateConsumerRequest [1]
ftgo-monolith.net.chrisrichardson.ftgo.consumerservice.web.ConsumerController,returns,ftgo-monolith.net.chrisrichardson.ftgo.consumerservice.api.web.CreateConsumerResponse,ConsumerController uses CreateConsumerResponse [1]
ftgo-monolith.net.chrisrichardson.ftgo.consumerservice.web.ConsumerController,is type,ftgo-monolith.net.chrisrichardson.ftgo.consumerservice.domain.ConsumerService,ConsumerController uses ConsumerService [1]
ftgo-monolith.net.chrisrichardson.ftgo.consumerservice.web.ConsumerController,references,ftgo-monolith.net.chrisrichardson.ftgo.consumerservice.web.GetConsumerResponse,ConsumerController uses GetConsumerResponse [1]
ftgo-monolith.net.chrisrichardson.ftgo.consumerservice.web.GetConsumerResponse,returns,ftgo-monolith.net.chrisrichardson.ftgo.common.PersonName,GetConsumerResponse uses PersonName [3]
ftgo-monolith.net.chrisrichardson.ftgo.consumerservice.web.GetConsumerResponse,extends,ftgo-monolith.net.chrisrichardson.ftgo.consumerservice.api.web.CreateConsumerResponse,GetConsumerResponse uses CreateConsumerResponse [2]
ftgo-monolith.net.chrisrichardson.ftgo.courierservice.api.CreateCourierRequest,returns,ftgo-monolith.net.chrisrichardson.ftgo.common.Address,CreateCourierRequest uses Address [4]
ftgo-monolith.net.chrisrichardson.ftgo.courierservice.api.CreateCourierRequest,returns,ftgo-monolith.net.chrisrichardson.ftgo.common.PersonName,CreateCourierRequest uses PersonName [4]
ftgo-monolith.net.chrisrichardson.ftgo.courierservice.domain.CourierService,has param,ftgo-monolith.net.chrisrichardson.ftgo.common.Address,CourierService uses Address [1]
ftgo-monolith.net.chrisrichardson.ftgo.courierservice.domain.CourierService,has param,ftgo-monolith.net.chrisrichardson.ftgo.common.PersonName,CourierService uses PersonName [1]
ftgo-monolith.net.chrisrichardson.ftgo.courierservice.domain.CourierService,returns,ftgo-monolith.net.chrisrichardson.ftgo.domain.Courier,CourierService uses Courier [2]
ftgo-monolith.net.chrisrichardson.ftgo.courierservice.domain.CourierService,has param,ftgo-monolith.net.chrisrichardson.ftgo.domain.CourierRepository,CourierService uses CourierRepository [2]
ftgo-monolith.net.chrisrichardson.ftgo.courierservice.domain.CourierServiceConfiguration,returns,ftgo-monolith.net.chrisrichardson.ftgo.courierservice.domain.CourierService,CourierServiceConfiguration uses CourierService [1]
ftgo-monolith.net.chrisrichardson.ftgo.courierservice.domain.CourierServiceConfiguration,has param,ftgo-monolith.net.chrisrichardson.ftgo.domain.CourierRepository,CourierServiceConfiguration uses CourierRepository [1]
ftgo-monolith.net.chrisrichardson.ftgo.courierservice.web.CourierController,has param,ftgo-monolith.net.chrisrichardson.ftgo.courierservice.api.CourierAvailability,CourierController uses CourierAvailability [1]
ftgo-monolith.net.chrisrichardson.ftgo.courierservice.web.CourierController,has param,ftgo-monolith.net.chrisrichardson.ftgo.courierservice.api.CreateCourierRequest,CourierController uses CreateCourierRequest [1]
ftgo-monolith.net.chrisrichardson.ftgo.courierservice.web.CourierController,references,ftgo-monolith.net.chrisrichardson.ftgo.courierservice.api.CreateCourierResponse,CourierController uses CreateCourierResponse [1]
ftgo-monolith.net.chrisrichardson.ftgo.courierservice.web.CourierController,has param,ftgo-monolith.net.chrisrichardson.ftgo.courierservice.domain.CourierService,CourierController uses CourierService [2]
ftgo-monolith.net.chrisrichardson.ftgo.courierservice.web.CourierController,references,ftgo-monolith.net.chrisrichardson.ftgo.domain.Courier,CourierController uses Courier [1]
ftgo-monolith.net.chrisrichardson.ftgo.domain.Action,returns,ftgo-monolith.net.chrisrichardson.ftgo.domain.ActionType,Action uses ActionType [3]
ftgo-monolith.net.chrisrichardson.ftgo.domain.Action,has param,ftgo-monolith.net.chrisrichardson.ftgo.domain.Order,Action uses Order [5]
ftgo-monolith.net.chrisrichardson.ftgo.domain.Consumer,has param,ftgo-monolith.net.chrisrichardson.ftgo.common.Money,Consumer uses Money [1]
ftgo-monolith.net.chrisrichardson.ftgo.domain.Consumer,returns,ftgo-monolith.net.chrisrichardson.ftgo.common.PersonName,Consumer uses PersonName [3]
ftgo-monolith.net.chrisrichardson.ftgo.domain.ConsumerRepository,references,ftgo-monolith.net.chrisrichardson.ftgo.domain.Consumer,ConsumerRepository uses Consumer [1]
ftgo-monolith.net.chrisrichardson.ftgo.domain.Courier,has param,ftgo-monolith.net.chrisrichardson.ftgo.common.Address,Courier uses Address [2]
ftgo-monolith.net.chrisrichardson.ftgo.domain.Courier,has param,ftgo-monolith.net.chrisrichardson.ftgo.common.PersonName,Courier uses PersonName [2]
ftgo-monolith.net.chrisrichardson.ftgo.domain.Courier,has param,ftgo-monolith.net.chrisrichardson.ftgo.domain.Action,Courier uses Action [2]
ftgo-monolith.net.chrisrichardson.ftgo.domain.Courier,has param,ftgo-monolith.net.chrisrichardson.ftgo.domain.Order,Courier uses Order [2]
ftgo-monolith.net.chrisrichardson.ftgo.domain.Courier,returns,ftgo-monolith.net.chrisrichardson.ftgo.domain.Plan,Courier uses Plan [2]
ftgo-monolith.net.chrisrichardson.ftgo.domain.CourierRepository,references,ftgo-monolith.net.chrisrichardson.ftgo.domain.Courier,CourierRepository uses Courier [2]
ftgo-monolith.net.chrisrichardson.ftgo.domain.DeliveryInformation,is type,ftgo-monolith.net.chrisrichardson.ftgo.common.Address,DeliveryInformation uses Address [1]
ftgo-monolith.net.chrisrichardson.ftgo.domain.LineItemQuantityChange,returns,ftgo-monolith.net.chrisrichardson.ftgo.common.Money,LineItemQuantityChange uses Money [7]
ftgo-monolith.net.chrisrichardson.ftgo.domain.MenuItem,returns,ftgo-monolith.net.chrisrichardson.ftgo.common.Money,MenuItem uses Money [4]
ftgo-monolith.net.chrisrichardson.ftgo.domain.Order,returns,ftgo-monolith.net.chrisrichardson.ftgo.common.Money,Order uses Money [2]
ftgo-monolith.net.chrisrichardson.ftgo.domain.Order,returns,ftgo-monolith.net.chrisrichardson.ftgo.domain.Courier,Order uses Courier [3]
ftgo-monolith.net.chrisrichardson.ftgo.domain.Order,is type,ftgo-monolith.net.chrisrichardson.ftgo.domain.DeliveryInformation,Order uses DeliveryInformation [1]
ftgo-monolith.net.chrisrichardson.ftgo.domain.Order,references,ftgo-monolith.net.chrisrichardson.ftgo.domain.OrderLineItem,Order uses OrderLineItem [2]
ftgo-monolith.net.chrisrichardson.ftgo.domain.Order,is type,ftgo-monolith.net.chrisrichardson.ftgo.domain.OrderLineItems,Order uses OrderLineItems [1]
ftgo-monolith.net.chrisrichardson.ftgo.domain.Order,has param,ftgo-monolith.net.chrisrichardson.ftgo.domain.OrderRevision,Order uses OrderRevision [1]
ftgo-monolith.net.chrisrichardson.ftgo.domain.Order,returns,ftgo-monolith.net.chrisrichardson.ftgo.domain.OrderState,Order uses OrderState [2]
ftgo-monolith.net.chrisrichardson.ftgo.domain.Order,is type,ftgo-monolith.net.chrisrichardson.ftgo.domain.PaymentInformation,Order uses PaymentInformation [1]
ftgo-monolith.net.chrisrichardson.ftgo.domain.Order,returns,ftgo-monolith.net.chrisrichardson.ftgo.domain.Restaurant,Order uses Restaurant [3]
ftgo-monolith.net.chrisrichardson.ftgo.domain.OrderLineItem,returns,ftgo-monolith.net.chrisrichardson.ftgo.common.Money,OrderLineItem uses Money [6]
ftgo-monolith.net.chrisrichardson.ftgo.domain.OrderLineItems,returns,ftgo-monolith.net.chrisrichardson.ftgo.common.Money,OrderLineItems uses Money [2]
ftgo-monolith.net.chrisrichardson.ftgo.domain.OrderLineItems,returns,ftgo-monolith.net.chrisrichardson.ftgo.domain.LineItemQuantityChange,OrderLineItems uses LineItemQuantityChange [1]
ftgo-monolith.net.chrisrichardson.ftgo.domain.OrderLineItems,returns,ftgo-monolith.net.chrisrichardson.ftgo.domain.OrderLineItem,OrderLineItems uses OrderLineItem [5]
ftgo-monolith.net.chrisrichardson.ftgo.domain.OrderLineItems,has param,ftgo-monolith.net.chrisrichardson.ftgo.domain.OrderRevision,OrderLineItems uses OrderRevision [3]
ftgo-monolith.net.chrisrichardson.ftgo.domain.OrderRepository,references,ftgo-monolith.net.chrisrichardson.ftgo.domain.Order,OrderRepository uses Order [2]
ftgo-monolith.net.chrisrichardson.ftgo.domain.OrderRevision,references,ftgo-monolith.net.chrisrichardson.ftgo.domain.DeliveryInformation,OrderRevision uses DeliveryInformation [4]
ftgo-monolith.net.chrisrichardson.ftgo.domain.Plan,has param,ftgo-monolith.net.chrisrichardson.ftgo.domain.Action,Plan uses Action [4]
ftgo-monolith.net.chrisrichardson.ftgo.domain.Plan,has param,ftgo-monolith.net.chrisrichardson.ftgo.domain.Order,Plan uses Order [2]
ftgo-monolith.net.chrisrichardson.ftgo.domain.Restaurant,returns,ftgo-monolith.net.chrisrichardson.ftgo.common.Address,Restaurant uses Address [3]
ftgo-monolith.net.chrisrichardson.ftgo.domain.Restaurant,references,ftgo-monolith.net.chrisrichardson.ftgo.domain.MenuItem,Restaurant uses MenuItem [2]
ftgo-monolith.net.chrisrichardson.ftgo.domain.Restaurant,has param,ftgo-monolith.net.chrisrichardson.ftgo.domain.RestaurantMenu,Restaurant uses RestaurantMenu [3]
ftgo-monolith.net.chrisrichardson.ftgo.domain.RestaurantMenu,references,ftgo-monolith.net.chrisrichardson.ftgo.domain.MenuItem,RestaurantMenu uses MenuItem [4]
ftgo-monolith.net.chrisrichardson.ftgo.domain.RestaurantRepository,references,ftgo-monolith.net.chrisrichardson.ftgo.domain.Restaurant,RestaurantRepository uses Restaurant [1]
ftgo-monolith.net.chrisrichardson.ftgo.endtoendtests.EndToEndTests,extends,ftgo-monolith.net.chrisrichardson.ftgo.endtoendtests.common.AbstractEndToEndTests,EndToEndTests uses AbstractEndToEndTests [2]
ftgo-monolith.net.chrisrichardson.ftgo.endtoendtests.common.AbstractEndToEndTests,is type,ftgo-monolith.net.chrisrichardson.ftgo.common.Address,AbstractEndToEndTests uses Address [1]
ftgo-monolith.net.chrisrichardson.ftgo.endtoendtests.common.AbstractEndToEndTests,is type,ftgo-monolith.net.chrisrichardson.ftgo.common.Money,AbstractEndToEndTests uses Money [1]
ftgo-monolith.net.chrisrichardson.ftgo.orderservice.OrderDetailsMother,references,ftgo-monolith.net.chrisrichardson.ftgo.common.Money,OrderDetailsMother uses Money [4]
ftgo-monolith.net.chrisrichardson.ftgo.orderservice.OrderDetailsMother,returns,ftgo-monolith.net.chrisrichardson.ftgo.domain.Order,OrderDetailsMother uses Order [5]
ftgo-monolith.net.chrisrichardson.ftgo.orderservice.OrderDetailsMother,references,ftgo-monolith.net.chrisrichardson.ftgo.domain.OrderLineItem,OrderDetailsMother uses OrderLineItem [2]
ftgo-monolith.net.chrisrichardson.ftgo.orderservice.OrderDetailsMother,references,ftgo-monolith.net.chrisrichardson.ftgo.domain.OrderState,OrderDetailsMother uses OrderState [2]
ftgo-monolith.net.chrisrichardson.ftgo.orderservice.OrderDetailsMother,references,ftgo-monolith.net.chrisrichardson.ftgo.domain.Restaurant,OrderDetailsMother uses Restaurant [2]
ftgo-monolith.net.chrisrichardson.ftgo.orderservice.OrderDetailsMother,references,ftgo-monolith.net.chrisrichardson.ftgo.domain.RestaurantMenu,OrderDetailsMother uses RestaurantMenu [2]
ftgo-monolith.net.chrisrichardson.ftgo.orderservice.OrderDetailsMother,references,ftgo-monolith.net.chrisrichardson.ftgo.orderservice.RestaurantMother,OrderDetailsMother uses RestaurantMother [2]
ftgo-monolith.net.chrisrichardson.ftgo.orderservice.OrderDetailsMother,references,ftgo-monolith.net.chrisrichardson.ftgo.orderservice.web.MenuItemIdAndQuantity,OrderDetailsMother uses MenuItemIdAndQuantity [6]
ftgo-monolith.net.chrisrichardson.ftgo.orderservice.RestaurantMother,references,ftgo-monolith.net.chrisrichardson.ftgo.common.Money,RestaurantMother uses Money [3]
ftgo-monolith.net.chrisrichardson.ftgo.orderservice.RestaurantMother,references,ftgo-monolith.net.chrisrichardson.ftgo.domain.MenuItem,RestaurantMother uses MenuItem [4]
ftgo-monolith.net.chrisrichardson.ftgo.orderservice.RestaurantMother,references,ftgo-monolith.net.chrisrichardson.ftgo.domain.Restaurant,RestaurantMother uses Restaurant [3]
ftgo-monolith.net.chrisrichardson.ftgo.orderservice.RestaurantMother,references,ftgo-monolith.net.chrisrichardson.ftgo.domain.RestaurantMenu,RestaurantMother uses RestaurantMenu [3]
ftgo-monolith.net.chrisrichardson.ftgo.orderservice.api.events.OrderDetails,returns,ftgo-monolith.net.chrisrichardson.ftgo.common.Money,OrderDetails uses Money [4]
ftgo-monolith.net.chrisrichardson.ftgo.orderservice.api.events.OrderDetails,references,ftgo-monolith.net.chrisrichardson.ftgo.orderservice.api.events.OrderLineItemDTO,OrderDetails uses OrderLineItemDTO [4]
ftgo-monolith.net.chrisrichardson.ftgo.orderservice.domain.OrderConfiguration,has param,ftgo-monolith.net.chrisrichardson.ftgo.consumerservice.domain.ConsumerService,OrderConfiguration uses ConsumerService [1]
ftgo-monolith.net.chrisrichardson.ftgo.orderservice.domain.OrderConfiguration,has param,ftgo-monolith.net.chrisrichardson.ftgo.domain.CourierRepository,OrderConfiguration uses CourierRepository [1]
ftgo-monolith.net.chrisrichardson.ftgo.orderservice.domain.OrderConfiguration,has param,ftgo-monolith.net.chrisrichardson.ftgo.domain.OrderRepository,OrderConfiguration uses OrderRepository [1]
ftgo-monolith.net.chrisrichardson.ftgo.orderservice.domain.OrderConfiguration,has param,ftgo-monolith.net.chrisrichardson.ftgo.domain.RestaurantRepository,OrderConfiguration uses RestaurantRepository [1]
ftgo-monolith.net.chrisrichardson.ftgo.orderservice.domain.OrderConfiguration,returns,ftgo-monolith.net.chrisrichardson.ftgo.orderservice.domain.OrderService,OrderConfiguration uses OrderService [1]
ftgo-monolith.net.chrisrichardson.ftgo.orderservice.domain.OrderService,has param,ftgo-monolith.net.chrisrichardson.ftgo.consumerservice.domain.ConsumerService,OrderService uses ConsumerService [2]
ftgo-monolith.net.chrisrichardson.ftgo.orderservice.domain.OrderService,has param,ftgo-monolith.net.chrisrichardson.ftgo.domain.CourierRepository,OrderService uses CourierRepository [2]
ftgo-monolith.net.chrisrichardson.ftgo.orderservice.domain.OrderService,returns,ftgo-monolith.net.chrisrichardson.ftgo.domain.Order,OrderService uses Order [5]
ftgo-monolith.net.chrisrichardson.ftgo.orderservice.domain.OrderService,references,ftgo-monolith.net.chrisrichardson.ftgo.domain.OrderLineItem,OrderService uses OrderLineItem [1]
ftgo-monolith.net.chrisrichardson.ftgo.orderservice.domain.OrderService,has param,ftgo-monolith.net.chrisrichardson.ftgo.domain.OrderRepository,OrderService uses OrderRepository [2]
ftgo-monolith.net.chrisrichardson.ftgo.orderservice.domain.OrderService,has param,ftgo-monolith.net.chrisrichardson.ftgo.domain.OrderRevision,OrderService uses OrderRevision [1]
ftgo-monolith.net.chrisrichardson.ftgo.orderservice.domain.OrderService,has param,ftgo-monolith.net.chrisrichardson.ftgo.domain.Restaurant,OrderService uses Restaurant [1]
ftgo-monolith.net.chrisrichardson.ftgo.orderservice.domain.OrderService,has param,ftgo-monolith.net.chrisrichardson.ftgo.domain.RestaurantRepository,OrderService uses RestaurantRepository [2]
ftgo-monolith.net.chrisrichardson.ftgo.orderservice.domain.OrderService,references,ftgo-monolith.net.chrisrichardson.ftgo.orderservice.web.MenuItemIdAndQuantity,OrderService uses MenuItemIdAndQuantity [2]
ftgo-monolith.net.chrisrichardson.ftgo.orderservice.domain.RevisedOrder,returns,ftgo-monolith.net.chrisrichardson.ftgo.domain.LineItemQuantityChange,RevisedOrder uses LineItemQuantityChange [3]
ftgo-monolith.net.chrisrichardson.ftgo.orderservice.domain.RevisedOrder,returns,ftgo-monolith.net.chrisrichardson.ftgo.domain.Order,RevisedOrder uses Order [3]
ftgo-monolith.net.chrisrichardson.ftgo.orderservice.web.GetOrderResponse,returns,ftgo-monolith.net.chrisrichardson.ftgo.common.Money,GetOrderResponse uses Money [4]
ftgo-monolith.net.chrisrichardson.ftgo.orderservice.web.GetOrderResponse,references,ftgo-monolith.net.chrisrichardson.ftgo.domain.Action,GetOrderResponse uses Action [4]
ftgo-monolith.net.chrisrichardson.ftgo.orderservice.web.OrderController,has param,ftgo-monolith.net.chrisrichardson.ftgo.domain.Order,OrderController uses Order [1]
ftgo-monolith.net.chrisrichardson.ftgo.orderservice.web.OrderController,has param,ftgo-monolith.net.chrisrichardson.ftgo.domain.OrderRepository,OrderController uses OrderRepository [2]
ftgo-monolith.net.chrisrichardson.ftgo.orderservice.web.OrderController,has param,ftgo-monolith.net.chrisrichardson.ftgo.orderservice.api.web.CreateOrderRequest,OrderController uses CreateOrderRequest [1]
ftgo-monolith.net.chrisrichardson.ftgo.orderservice.web.OrderController,returns,ftgo-monolith.net.chrisrichardson.ftgo.orderservice.api.web.CreateOrderResponse,OrderController uses CreateOrderResponse [1]
ftgo-monolith.net.chrisrichardson.ftgo.orderservice.web.OrderController,has param,ftgo-monolith.net.chrisrichardson.ftgo.orderservice.api.web.OrderAcceptance,OrderController uses OrderAcceptance [1]
ftgo-monolith.net.chrisrichardson.ftgo.orderservice.web.OrderController,has param,ftgo-monolith.net.chrisrichardson.ftgo.orderservice.api.web.ReviseOrderRequest,OrderController uses ReviseOrderRequest [1]
ftgo-monolith.net.chrisrichardson.ftgo.orderservice.web.OrderController,has param,ftgo-monolith.net.chrisrichardson.ftgo.orderservice.domain.OrderService,OrderController uses OrderService [2]
ftgo-monolith.net.chrisrichardson.ftgo.orderservice.web.OrderController,returns,ftgo-monolith.net.chrisrichardson.ftgo.orderservice.web.GetOrderResponse,OrderController uses GetOrderResponse [5]
ftgo-monolith.net.chrisrichardson.ftgo.orderservice.web.OrderControllerTest,is type,ftgo-monolith.net.chrisrichardson.ftgo.domain.OrderRepository,OrderControllerTest uses OrderRepository [1]
ftgo-monolith.net.chrisrichardson.ftgo.orderservice.web.OrderControllerTest,is type,ftgo-monolith.net.chrisrichardson.ftgo.orderservice.domain.OrderService,OrderControllerTest uses OrderService [1]
ftgo-monolith.net.chrisrichardson.ftgo.orderservice.web.OrderControllerTest,is type,ftgo-monolith.net.chrisrichardson.ftgo.orderservice.web.OrderController,OrderControllerTest uses OrderController [1]
ftgo-monolith.net.chrisrichardson.ftgo.orderservice.web.TicketController,has param,ftgo-monolith.net.chrisrichardson.ftgo.orderservice.domain.OrderService,TicketController uses OrderService [2]
ftgo-monolith.net.chrisrichardson.ftgo.restaurantservice.domain.RestaurantService,returns,ftgo-monolith.net.chrisrichardson.ftgo.domain.Restaurant,RestaurantService uses Restaurant [2]
ftgo-monolith.net.chrisrichardson.ftgo.restaurantservice.domain.RestaurantService,returns,ftgo-monolith.net.chrisrichardson.ftgo.domain.RestaurantMenu,RestaurantService uses RestaurantMenu [1]
ftgo-monolith.net.chrisrichardson.ftgo.restaurantservice.domain.RestaurantService,is type,ftgo-monolith.net.chrisrichardson.ftgo.domain.RestaurantRepository,RestaurantService uses RestaurantRepository [1]
ftgo-monolith.net.chrisrichardson.ftgo.restaurantservice.domain.RestaurantService,has param,ftgo-monolith.net.chrisrichardson.ftgo.restaurantservice.events.CreateRestaurantRequest,RestaurantService uses CreateRestaurantRequest [1]
ftgo-monolith.net.chrisrichardson.ftgo.restaurantservice.domain.RestaurantService,has param,ftgo-monolith.net.chrisrichardson.ftgo.restaurantservice.events.RestaurantMenuDTO,RestaurantService uses RestaurantMenuDTO [1]
ftgo-monolith.net.chrisrichardson.ftgo.restaurantservice.domain.RestaurantServiceDomainConfiguration,returns,ftgo-monolith.net.chrisrichardson.ftgo.restaurantservice.domain.RestaurantService,RestaurantServiceDomainConfiguration uses RestaurantService [1]
ftgo-monolith.net.chrisrichardson.ftgo.restaurantservice.events.CreateRestaurantRequest,returns,ftgo-monolith.net.chrisrichardson.ftgo.common.Address,CreateRestaurantRequest uses Address [4]
ftgo-monolith.net.chrisrichardson.ftgo.restaurantservice.events.CreateRestaurantRequest,returns,ftgo-monolith.net.chrisrichardson.ftgo.restaurantservice.events.RestaurantMenuDTO,CreateRestaurantRequest uses RestaurantMenuDTO [4]
ftgo-monolith.net.chrisrichardson.ftgo.restaurantservice.events.MenuItemDTO,returns,ftgo-monolith.net.chrisrichardson.ftgo.common.Money,MenuItemDTO uses Money [4]
ftgo-monolith.net.chrisrichardson.ftgo.restaurantservice.events.RestaurantMenuDTO,references,ftgo-monolith.net.chrisrichardson.ftgo.restaurantservice.events.MenuItemDTO,RestaurantMenuDTO uses MenuItemDTO [4]
ftgo-monolith.net.chrisrichardson.ftgo.restaurantservice.web.RestaurantController,has param,ftgo-monolith.net.chrisrichardson.ftgo.domain.Restaurant,RestaurantController uses Restaurant [1]
ftgo-monolith.net.chrisrichardson.ftgo.restaurantservice.web.RestaurantController,is type,ftgo-monolith.net.chrisrichardson.ftgo.restaurantservice.domain.RestaurantService,RestaurantController uses RestaurantService [1]
ftgo-monolith.net.chrisrichardson.ftgo.restaurantservice.web.RestaurantController,has param,ftgo-monolith.net.chrisrichardson.ftgo.restaurantservice.events.CreateRestaurantRequest,RestaurantController uses CreateRestaurantRequest [1]
ftgo-monolith.net.chrisrichardson.ftgo.restaurantservice.web.RestaurantController,returns,ftgo-monolith.net.chrisrichardson.ftgo.restaurantservice.web.CreateRestaurantResponse,RestaurantController uses CreateRestaurantResponse [1]
ftgo-monolith.net.chrisrichardson.ftgo.restaurantservice.web.RestaurantController,returns,ftgo-monolith.net.chrisrichardson.ftgo.restaurantservice.web.GetRestaurantResponse,RestaurantController uses GetRestaurantResponse [2]