velocity-1___6___4.java.org.apache.velocity.runtime.parser.Parser,returns,velocity-1___6___4.java.org.apache.velocity.runtime.parser.ParseException,Parser uses ParseException [39]
velocity-1___6___4.java.org.apache.velocity.runtime.parser.Parser,returns,velocity-1___6___4.java.org.apache.velocity.runtime.parser.Token,Parser uses Token [8]
velocity-1___6___4.java.org.apache.velocity.runtime.parser.node.SimpleNode,implements,velocity-1___6___4.java.org.apache.velocity.runtime.parser.node.Node,SimpleNode uses Node [7]
velocity-1___6___4.java.org.apache.velocity.runtime.resource.ResourceManagerImpl,returns,velocity-1___6___4.java.org.apache.velocity.runtime.resource.Resource,ResourceManagerImpl uses Resource [5]
velocity-1___6___4.java.org.apache.velocity.runtime.parser.ParserTokenManager,has param,velocity-1___6___4.java.org.apache.velocity.runtime.parser.CharStream,ParserTokenManager uses CharStream [5]
velocity-1___6___4.java.org.apache.velocity.runtime.parser.ParserTokenManager,returns,velocity-1___6___4.java.org.apache.velocity.runtime.parser.Token,ParserTokenManager uses Token [4]
velocity-1___6___4.java.org.apache.velocity.runtime.log.Log,returns,velocity-1___6___4.java.org.apache.velocity.runtime.log.LogChute,Log uses LogChute [4]
velocity-1___6___4.java.org.apache.velocity.context.ChainedInternalContextAdapter,implements,velocity-1___6___4.java.org.apache.velocity.context.InternalContextAdapter,ChainedInternalContextAdapter uses InternalContextAdapter [4]
velocity-1___6___4.java.org.apache.velocity.context.AbstractContext,implements,velocity-1___6___4.java.org.apache.velocity.context.Context,AbstractContext uses Context [4]
velocity-1___6___4.java.org.apache.velocity.util.introspection.UberspectImpl,has param,velocity-1___6___4.java.org.apache.velocity.util.introspection.Info,UberspectImpl uses Info [4]
velocity-1___6___4.java.org.apache.velocity.util.introspection.Uberspect,has param,velocity-1___6___4.java.org.apache.velocity.util.introspection.Info,Uberspect uses Info [4]
velocity-1___6___4.java.org.apache.velocity.util.introspection.LinkingUberspector,has param,velocity-1___6___4.java.org.apache.velocity.util.introspection.Info,LinkingUberspector uses Info [4]
velocity-1___6___4.java.org.apache.velocity.util.introspection.AbstractChainableUberspector,has param,velocity-1___6___4.java.org.apache.velocity.util.introspection.Info,AbstractChainableUberspector uses Info [4]
velocity-1___6___4.java.org.apache.velocity.app.event.InvalidReferenceEventHandler,extends,velocity-1___6___4.java.org.apache.velocity.app.event.EventHandler,InvalidReferenceEventHandler uses EventHandler [4]
velocity-1___6___4.java.org.apache.velocity.util.introspection.ClassMap,throws,velocity-1___6___4.java.org.apache.velocity.util.introspection.MethodMap,ClassMap uses MethodMap [3]
velocity-1___6___4.java.org.apache.velocity.runtime.resource.ResourceCacheImpl,returns,velocity-1___6___4.java.org.apache.velocity.runtime.resource.Resource,ResourceCacheImpl uses Resource [3]
velocity-1___6___4.java.org.apache.velocity.runtime.resource.ResourceCache,returns,velocity-1___6___4.java.org.apache.velocity.runtime.resource.Resource,ResourceCache uses Resource [3]
velocity-1___6___4.java.org.apache.velocity.context.InternalContextAdapterImpl,returns,velocity-1___6___4.java.org.apache.velocity.context.Context,InternalContextAdapterImpl uses Context [3]
velocity-1___6___4.java.org.apache.velocity.anakia.XPathTool,returns,velocity-1___6___4.java.org.apache.velocity.anakia.NodeList,XPathTool uses NodeList [3]
velocity-1___6___4.java.org.apache.velocity.app.event.InvalidReferenceEventHandler,implements,velocity-1___6___4.java.org.apache.velocity.app.event.EventHandlerMethodExecutor,InvalidReferenceEventHandler uses EventHandlerMethodExecutor [3]
velocity-1___6___4.java.org.apache.velocity.util.introspection.LinkingUberspector,has param,velocity-1___6___4.java.org.apache.velocity.util.introspection.Uberspect,LinkingUberspector uses Uberspect [3]
velocity-1___6___4.java.org.apache.velocity.runtime.parser.Parser,has param,velocity-1___6___4.java.org.apache.velocity.runtime.parser.ParserTokenManager,Parser uses ParserTokenManager [3]
velocity-1___6___4.java.org.apache.velocity.app.event.EventHandlerUtil,has param,velocity-1___6___4.java.org.apache.velocity.app.event.EventHandlerMethodExecutor,EventHandlerUtil uses EventHandlerMethodExecutor [3]
velocity-1___6___4.java.org.apache.velocity.runtime.log.LogDisplayWrapper,extends,velocity-1___6___4.java.org.apache.velocity.runtime.log.Log,LogDisplayWrapper uses Log [3]
velocity-1___6___4.java.org.apache.velocity.util.introspection.IntrospectorCacheImpl,returns,velocity-1___6___4.java.org.apache.velocity.util.introspection.ClassMap,IntrospectorCacheImpl uses ClassMap [2]
velocity-1___6___4.java.org.apache.velocity.util.introspection.IntrospectorCache,returns,velocity-1___6___4.java.org.apache.velocity.util.introspection.ClassMap,IntrospectorCache uses ClassMap [2]
velocity-1___6___4.java.org.apache.velocity.util.introspection.IntrospectorBase,returns,velocity-1___6___4.java.org.apache.velocity.util.introspection.IntrospectorCache,IntrospectorBase uses IntrospectorCache [2]
velocity-1___6___4.java.org.apache.velocity.runtime.parser.node.ASTSetDirective,returns,velocity-1___6___4.java.org.apache.velocity.runtime.parser.node.Node,ASTSetDirective uses Node [2]
velocity-1___6___4.java.org.apache.velocity.runtime.parser.node.ASTSetDirective,returns,velocity-1___6___4.java.org.apache.velocity.runtime.parser.node.ASTReference,ASTSetDirective uses ASTReference [2]
velocity-1___6___4.java.org.apache.velocity.runtime.log.RuntimeLoggerLog,returns,velocity-1___6___4.java.org.apache.velocity.runtime.log.LogChute,RuntimeLoggerLog uses LogChute [2]
velocity-1___6___4.java.org.apache.velocity.runtime.RuntimeSingleton,returns,velocity-1___6___4.java.org.apache.velocity.runtime.RuntimeInstance,RuntimeSingleton uses RuntimeInstance [2]
velocity-1___6___4.java.org.apache.velocity.util.introspection.UberspectImpl,implements,velocity-1___6___4.java.org.apache.velocity.util.introspection.VelPropertySet,UberspectImpl uses VelPropertySet [2]
velocity-1___6___4.java.org.apache.velocity.util.introspection.UberspectImpl,implements,velocity-1___6___4.java.org.apache.velocity.util.introspection.VelPropertyGet,UberspectImpl uses VelPropertyGet [2]
velocity-1___6___4.java.org.apache.velocity.util.introspection.UberspectImpl,implements,velocity-1___6___4.java.org.apache.velocity.util.introspection.VelMethod,UberspectImpl uses VelMethod [2]
velocity-1___6___4.java.org.apache.velocity.runtime.log.PrimordialLogSystem,implements,velocity-1___6___4.java.org.apache.velocity.runtime.log.LogSystem,PrimordialLogSystem uses LogSystem [2]
velocity-1___6___4.java.org.apache.velocity.runtime.log.HoldingLogChute,implements,velocity-1___6___4.java.org.apache.velocity.runtime.log.LogChute,HoldingLogChute uses LogChute [2]
velocity-1___6___4.java.org.apache.velocity.context.InternalContextAdapterImpl,implements,velocity-1___6___4.java.org.apache.velocity.context.InternalContextAdapter,InternalContextAdapterImpl uses InternalContextAdapter [2]
velocity-1___6___4.java.org.apache.velocity.util.introspection.AbstractChainableUberspector,has param,velocity-1___6___4.java.org.apache.velocity.util.introspection.Uberspect,AbstractChainableUberspector uses Uberspect [2]
velocity-1___6___4.java.org.apache.velocity.runtime.parser.node.SimpleNode,has param,velocity-1___6___4.java.org.apache.velocity.runtime.parser.node.ParserVisitor,SimpleNode uses ParserVisitor [2]
velocity-1___6___4.java.org.apache.velocity.runtime.parser.node.Node,has param,velocity-1___6___4.java.org.apache.velocity.runtime.parser.node.ParserVisitor,Node uses ParserVisitor [2]
velocity-1___6___4.java.org.apache.velocity.runtime.parser.node.ASTIfStatement,has param,velocity-1___6___4.java.org.apache.velocity.runtime.parser.node.ParserVisitor,ASTIfStatement uses ParserVisitor [2]
velocity-1___6___4.java.org.apache.velocity.runtime.parser.TemplateParseException,has param,velocity-1___6___4.java.org.apache.velocity.runtime.parser.Token,TemplateParseException uses Token [2]
velocity-1___6___4.java.org.apache.velocity.runtime.parser.Parser,has param,velocity-1___6___4.java.org.apache.velocity.runtime.parser.CharStream,Parser uses CharStream [2]
velocity-1___6___4.java.org.apache.velocity.runtime.parser.ParseException,has param,velocity-1___6___4.java.org.apache.velocity.runtime.parser.Token,ParseException uses Token [2]
velocity-1___6___4.java.org.apache.velocity.runtime.log.LogChuteSystem,has param,velocity-1___6___4.java.org.apache.velocity.runtime.log.LogSystem,LogChuteSystem uses LogSystem [2]
velocity-1___6___4.java.org.apache.velocity.runtime.VelocimacroFactory,has param,velocity-1___6___4.java.org.apache.velocity.runtime.RuntimeServices,VelocimacroFactory uses RuntimeServices [2]
velocity-1___6___4.java.org.apache.velocity.context.ProxyVMContext,has param,velocity-1___6___4.java.org.apache.velocity.context.InternalContextAdapter,ProxyVMContext uses InternalContextAdapter [2]
velocity-1___6___4.java.org.apache.velocity.app.event.EventCartridge,has param,velocity-1___6___4.java.org.apache.velocity.app.event.EventHandler,EventCartridge uses EventHandler [2]
velocity-1___6___4.java.org.apache.velocity.util.introspection.ChainableUberspector,extends,velocity-1___6___4.java.org.apache.velocity.util.introspection.Uberspect,ChainableUberspector uses Uberspect [2]
velocity-1___6___4.java.org.apache.velocity.runtime.parser.node.ASTStringLiteral,extends,velocity-1___6___4.java.org.apache.velocity.runtime.parser.node.SimpleNode,ASTStringLiteral uses SimpleNode [2]
velocity-1___6___4.java.org.apache.velocity.exception.ParseErrorException,extends,velocity-1___6___4.java.org.apache.velocity.exception.VelocityException,ParseErrorException uses VelocityException [2]
velocity-1___6___4.java.org.apache.velocity.app.event.ReferenceInsertionEventHandler,extends,velocity-1___6___4.java.org.apache.velocity.app.event.EventHandler,ReferenceInsertionEventHandler uses EventHandler [2]
velocity-1___6___4.java.org.apache.velocity.app.event.NullSetEventHandler,extends,velocity-1___6___4.java.org.apache.velocity.app.event.EventHandler,NullSetEventHandler uses EventHandler [2]
velocity-1___6___4.java.org.apache.velocity.app.event.MethodExceptionEventHandler,extends,velocity-1___6___4.java.org.apache.velocity.app.event.EventHandler,MethodExceptionEventHandler uses EventHandler [2]
velocity-1___6___4.java.org.apache.velocity.app.event.IncludeEventHandler,extends,velocity-1___6___4.java.org.apache.velocity.app.event.EventHandler,IncludeEventHandler uses EventHandler [2]
velocity-1___6___4.java.org.apache.velocity.util.introspection.IntrospectorBase,throws,velocity-1___6___4.java.org.apache.velocity.util.introspection.MethodMap,IntrospectorBase uses MethodMap [1]
velocity-1___6___4.java.org.apache.velocity.util.introspection.Uberspect,returns,velocity-1___6___4.java.org.apache.velocity.util.introspection.VelPropertySet,Uberspect uses VelPropertySet [1]
velocity-1___6___4.java.org.apache.velocity.util.introspection.Uberspect,returns,velocity-1___6___4.java.org.apache.velocity.util.introspection.VelPropertyGet,Uberspect uses VelPropertyGet [1]
velocity-1___6___4.java.org.apache.velocity.util.introspection.Uberspect,returns,velocity-1___6___4.java.org.apache.velocity.util.introspection.VelMethod,Uberspect uses VelMethod [1]
velocity-1___6___4.java.org.apache.velocity.util.introspection.LinkingUberspector,returns,velocity-1___6___4.java.org.apache.velocity.util.introspection.VelPropertySet,LinkingUberspector uses VelPropertySet [1]
velocity-1___6___4.java.org.apache.velocity.util.introspection.LinkingUberspector,returns,velocity-1___6___4.java.org.apache.velocity.util.introspection.VelPropertyGet,LinkingUberspector uses VelPropertyGet [1]
velocity-1___6___4.java.org.apache.velocity.util.introspection.LinkingUberspector,returns,velocity-1___6___4.java.org.apache.velocity.util.introspection.VelMethod,LinkingUberspector uses VelMethod [1]
velocity-1___6___4.java.org.apache.velocity.util.introspection.AbstractChainableUberspector,returns,velocity-1___6___4.java.org.apache.velocity.util.introspection.VelPropertySet,AbstractChainableUberspector uses VelPropertySet [1]
velocity-1___6___4.java.org.apache.velocity.util.introspection.AbstractChainableUberspector,returns,velocity-1___6___4.java.org.apache.velocity.util.introspection.VelPropertyGet,AbstractChainableUberspector uses VelPropertyGet [1]
velocity-1___6___4.java.org.apache.velocity.util.introspection.AbstractChainableUberspector,returns,velocity-1___6___4.java.org.apache.velocity.util.introspection.VelMethod,AbstractChainableUberspector uses VelMethod [1]
velocity-1___6___4.java.org.apache.velocity.runtime.resource.util.StringResourceRepositoryImpl,returns,velocity-1___6___4.java.org.apache.velocity.runtime.resource.util.StringResource,StringResourceRepositoryImpl uses StringResource [1]
velocity-1___6___4.java.org.apache.velocity.runtime.resource.util.StringResourceRepository,returns,velocity-1___6___4.java.org.apache.velocity.runtime.resource.util.StringResource,StringResourceRepository uses StringResource [1]
velocity-1___6___4.java.org.apache.velocity.runtime.resource.loader.ResourceLoaderFactory,returns,velocity-1___6___4.java.org.apache.velocity.runtime.resource.loader.ResourceLoader,ResourceLoaderFactory uses ResourceLoader [1]
velocity-1___6___4.java.org.apache.velocity.runtime.resource.ResourceManager,returns,velocity-1___6___4.java.org.apache.velocity.runtime.resource.Resource,ResourceManager uses Resource [1]
velocity-1___6___4.java.org.apache.velocity.runtime.resource.ResourceFactory,returns,velocity-1___6___4.java.org.apache.velocity.runtime.resource.Resource,ResourceFactory uses Resource [1]
velocity-1___6___4.java.org.apache.velocity.runtime.log.LogManager,returns,velocity-1___6___4.java.org.apache.velocity.runtime.log.LogChute,LogManager uses LogChute [1]
velocity-1___6___4.java.org.apache.velocity.runtime.log.LogDisplayWrapper,returns,velocity-1___6___4.java.org.apache.velocity.runtime.log.LogChute,LogDisplayWrapper uses LogChute [1]
velocity-1___6___4.java.org.apache.velocity.runtime.RuntimeSingleton,returns,velocity-1___6___4.java.org.apache.velocity.runtime.RuntimeServices,RuntimeSingleton uses RuntimeServices [1]
velocity-1___6___4.java.org.apache.velocity.context.InternalWrapperContext,returns,velocity-1___6___4.java.org.apache.velocity.context.InternalContextAdapter,InternalWrapperContext uses InternalContextAdapter [1]
velocity-1___6___4.java.org.apache.velocity.context.InternalWrapperContext,returns,velocity-1___6___4.java.org.apache.velocity.context.Context,InternalWrapperContext uses Context [1]
velocity-1___6___4.java.org.apache.velocity.context.ChainedInternalContextAdapter,returns,velocity-1___6___4.java.org.apache.velocity.context.Context,ChainedInternalContextAdapter uses Context [1]
velocity-1___6___4.java.org.apache.velocity.anakia.TreeWalker,returns,velocity-1___6___4.java.org.apache.velocity.anakia.NodeList,TreeWalker uses NodeList [1]
velocity-1___6___4.java.org.apache.velocity.anakia.AnakiaElement,returns,velocity-1___6___4.java.org.apache.velocity.anakia.NodeList,AnakiaElement uses NodeList [1]
velocity-1___6___4.java.org.apache.velocity.util.introspection.UberspectImpl,is type,velocity-1___6___4.java.org.apache.velocity.util.introspection.Introspector,UberspectImpl uses Introspector [1]
velocity-1___6___4.java.org.apache.velocity.runtime.resource.ResourceManagerImpl,is type,velocity-1___6___4.java.org.apache.velocity.runtime.resource.ResourceCache,ResourceManagerImpl uses ResourceCache [1]
velocity-1___6___4.java.org.apache.velocity.runtime.parser.Parser,is type,velocity-1___6___4.java.org.apache.velocity.runtime.parser.VelocityCharStream,Parser uses VelocityCharStream [1]
velocity-1___6___4.java.org.apache.velocity.runtime.parser.Parser,is type,velocity-1___6___4.java.org.apache.velocity.runtime.parser.JJTParserState,Parser uses JJTParserState [1]
velocity-1___6___4.java.org.apache.velocity.runtime.log.CommonsLogLogChute,is type,velocity-1___6___4.java.org.apache.velocity.runtime.log.Log,CommonsLogLogChute uses Log [1]
velocity-1___6___4.java.org.apache.velocity.runtime.VelocimacroFactory,is type,velocity-1___6___4.java.org.apache.velocity.runtime.VelocimacroManager,VelocimacroFactory uses VelocimacroManager [1]
velocity-1___6___4.java.org.apache.velocity.runtime.RuntimeInstance,is type,velocity-1___6___4.java.org.apache.velocity.runtime.VelocimacroFactory,RuntimeInstance uses VelocimacroFactory [1]
velocity-1___6___4.java.org.apache.velocity.runtime.RuntimeInstance,is type,velocity-1___6___4.java.org.apache.velocity.runtime.ParserPool,RuntimeInstance uses ParserPool [1]
velocity-1___6___4.java.org.apache.velocity.context.InternalContextAdapterImpl,is type,velocity-1___6___4.java.org.apache.velocity.context.InternalHousekeepingContext,InternalContextAdapterImpl uses InternalHousekeepingContext [1]
velocity-1___6___4.java.org.apache.velocity.context.InternalContextAdapterImpl,is type,velocity-1___6___4.java.org.apache.velocity.context.InternalEventContext,InternalContextAdapterImpl uses InternalEventContext [1]
velocity-1___6___4.java.org.apache.velocity.context.EvaluateContext,is type,velocity-1___6___4.java.org.apache.velocity.context.Context,EvaluateContext uses Context [1]
velocity-1___6___4.java.org.apache.velocity.util.introspection.UberspectImpl,implements,velocity-1___6___4.java.org.apache.velocity.util.introspection.UberspectLoggable,UberspectImpl uses UberspectLoggable [1]
velocity-1___6___4.java.org.apache.velocity.util.introspection.UberspectImpl,implements,velocity-1___6___4.java.org.apache.velocity.util.introspection.Uberspect,UberspectImpl uses Uberspect [1]
velocity-1___6___4.java.org.apache.velocity.util.introspection.SecureIntrospectorImpl,implements,velocity-1___6___4.java.org.apache.velocity.util.introspection.SecureIntrospectorControl,SecureIntrospectorImpl uses SecureIntrospectorControl [1]
velocity-1___6___4.java.org.apache.velocity.util.introspection.IntrospectorCacheImpl,implements,velocity-1___6___4.java.org.apache.velocity.util.introspection.IntrospectorCache,IntrospectorCacheImpl uses IntrospectorCache [1]
velocity-1___6___4.java.org.apache.velocity.util.introspection.AbstractChainableUberspector,implements,velocity-1___6___4.java.org.apache.velocity.util.introspection.ChainableUberspector,AbstractChainableUberspector uses ChainableUberspector [1]
velocity-1___6___4.java.org.apache.velocity.runtime.resource.util.StringResourceRepositoryImpl,implements,velocity-1___6___4.java.org.apache.velocity.runtime.resource.util.StringResourceRepository,StringResourceRepositoryImpl uses StringResourceRepository [1]
velocity-1___6___4.java.org.apache.velocity.runtime.resource.ResourceManagerImpl,implements,velocity-1___6___4.java.org.apache.velocity.runtime.resource.ResourceManager,ResourceManagerImpl uses ResourceManager [1]
velocity-1___6___4.java.org.apache.velocity.runtime.resource.ResourceCacheImpl,implements,velocity-1___6___4.java.org.apache.velocity.runtime.resource.ResourceCache,ResourceCacheImpl uses ResourceCache [1]
velocity-1___6___4.java.org.apache.velocity.runtime.parser.VelocityCharStream,implements,velocity-1___6___4.java.org.apache.velocity.runtime.parser.CharStream,VelocityCharStream uses CharStream [1]
velocity-1___6___4.java.org.apache.velocity.runtime.parser.ParserTokenManager,implements,velocity-1___6___4.java.org.apache.velocity.runtime.parser.ParserConstants,ParserTokenManager uses ParserConstants [1]
velocity-1___6___4.java.org.apache.velocity.runtime.parser.Parser,implements,velocity-1___6___4.java.org.apache.velocity.runtime.parser.ParserTreeConstants,Parser uses ParserTreeConstants [1]
velocity-1___6___4.java.org.apache.velocity.runtime.parser.Parser,implements,velocity-1___6___4.java.org.apache.velocity.runtime.parser.ParserConstants,Parser uses ParserConstants [1]
velocity-1___6___4.java.org.apache.velocity.runtime.log.SystemLogChute,implements,velocity-1___6___4.java.org.apache.velocity.runtime.log.LogChute,SystemLogChute uses LogChute [1]
velocity-1___6___4.java.org.apache.velocity.runtime.log.SimpleLog4JLogSystem,implements,velocity-1___6___4.java.org.apache.velocity.runtime.log.LogSystem,SimpleLog4JLogSystem uses LogSystem [1]
velocity-1___6___4.java.org.apache.velocity.runtime.log.ServletLogChute,implements,velocity-1___6___4.java.org.apache.velocity.runtime.log.LogChute,ServletLogChute uses LogChute [1]
velocity-1___6___4.java.org.apache.velocity.runtime.log.NullLogSystem,implements,velocity-1___6___4.java.org.apache.velocity.runtime.log.LogSystem,NullLogSystem uses LogSystem [1]
velocity-1___6___4.java.org.apache.velocity.runtime.log.NullLogChute,implements,velocity-1___6___4.java.org.apache.velocity.runtime.log.LogChute,NullLogChute uses LogChute [1]
velocity-1___6___4.java.org.apache.velocity.runtime.log.LogChuteSystem,implements,velocity-1___6___4.java.org.apache.velocity.runtime.log.LogChute,LogChuteSystem uses LogChute [1]
velocity-1___6___4.java.org.apache.velocity.runtime.log.Log4JLogSystem,implements,velocity-1___6___4.java.org.apache.velocity.runtime.log.LogSystem,Log4JLogSystem uses LogSystem [1]
velocity-1___6___4.java.org.apache.velocity.runtime.log.Log4JLogChute,implements,velocity-1___6___4.java.org.apache.velocity.runtime.log.LogChute,Log4JLogChute uses LogChute [1]
velocity-1___6___4.java.org.apache.velocity.runtime.log.JdkLogChute,implements,velocity-1___6___4.java.org.apache.velocity.runtime.log.LogChute,JdkLogChute uses LogChute [1]
velocity-1___6___4.java.org.apache.velocity.runtime.log.CommonsLogLogChute,implements,velocity-1___6___4.java.org.apache.velocity.runtime.log.LogChute,CommonsLogLogChute uses LogChute [1]
velocity-1___6___4.java.org.apache.velocity.runtime.log.AvalonLogSystem,implements,velocity-1___6___4.java.org.apache.velocity.runtime.log.LogSystem,AvalonLogSystem uses LogSystem [1]
velocity-1___6___4.java.org.apache.velocity.runtime.log.AvalonLogChute,implements,velocity-1___6___4.java.org.apache.velocity.runtime.log.LogChute,AvalonLogChute uses LogChute [1]
velocity-1___6___4.java.org.apache.velocity.runtime.directive.Directive,implements,velocity-1___6___4.java.org.apache.velocity.runtime.directive.DirectiveConstants,Directive uses DirectiveConstants [1]
velocity-1___6___4.java.org.apache.velocity.runtime.RuntimeSingleton,implements,velocity-1___6___4.java.org.apache.velocity.runtime.RuntimeConstants,RuntimeSingleton uses RuntimeConstants [1]
velocity-1___6___4.java.org.apache.velocity.runtime.RuntimeInstance,implements,velocity-1___6___4.java.org.apache.velocity.runtime.RuntimeServices,RuntimeInstance uses RuntimeServices [1]
velocity-1___6___4.java.org.apache.velocity.runtime.RuntimeInstance,implements,velocity-1___6___4.java.org.apache.velocity.runtime.RuntimeConstants,RuntimeInstance uses RuntimeConstants [1]
velocity-1___6___4.java.org.apache.velocity.runtime.Runtime,implements,velocity-1___6___4.java.org.apache.velocity.runtime.RuntimeConstants,Runtime uses RuntimeConstants [1]
velocity-1___6___4.java.org.apache.velocity.runtime.ParserPoolImpl,implements,velocity-1___6___4.java.org.apache.velocity.runtime.ParserPool,ParserPoolImpl uses ParserPool [1]
velocity-1___6___4.java.org.apache.velocity.exception.TemplateInitException,implements,velocity-1___6___4.java.org.apache.velocity.exception.ExtendedParseException,TemplateInitException uses ExtendedParseException [1]
velocity-1___6___4.java.org.apache.velocity.exception.MethodInvocationException,implements,velocity-1___6___4.java.org.apache.velocity.exception.ExtendedParseException,MethodInvocationException uses ExtendedParseException [1]
velocity-1___6___4.java.org.apache.velocity.context.InternalContextBase,implements,velocity-1___6___4.java.org.apache.velocity.context.InternalHousekeepingContext,InternalContextBase uses InternalHousekeepingContext [1]
velocity-1___6___4.java.org.apache.velocity.context.InternalContextBase,implements,velocity-1___6___4.java.org.apache.velocity.context.InternalEventContext,InternalContextBase uses InternalEventContext [1]
velocity-1___6___4.java.org.apache.velocity.app.event.ReferenceInsertionEventHandler,implements,velocity-1___6___4.java.org.apache.velocity.app.event.EventHandlerMethodExecutor,ReferenceInsertionEventHandler uses EventHandlerMethodExecutor [1]
velocity-1___6___4.java.org.apache.velocity.app.event.NullSetEventHandler,implements,velocity-1___6___4.java.org.apache.velocity.app.event.EventHandlerMethodExecutor,NullSetEventHandler uses EventHandlerMethodExecutor [1]
velocity-1___6___4.java.org.apache.velocity.app.event.MethodExceptionEventHandler,implements,velocity-1___6___4.java.org.apache.velocity.app.event.EventHandlerMethodExecutor,MethodExceptionEventHandler uses EventHandlerMethodExecutor [1]
velocity-1___6___4.java.org.apache.velocity.app.event.IncludeEventHandler,implements,velocity-1___6___4.java.org.apache.velocity.app.event.EventHandlerMethodExecutor,IncludeEventHandler uses EventHandlerMethodExecutor [1]
velocity-1___6___4.java.org.apache.velocity.util.introspection.SecureUberspector,has param,velocity-1___6___4.java.org.apache.velocity.util.introspection.Info,SecureUberspector uses Info [1]
velocity-1___6___4.java.org.apache.velocity.runtime.parser.node.ParserVisitor,has param,velocity-1___6___4.java.org.apache.velocity.runtime.parser.node.SimpleNode,ParserVisitor uses SimpleNode [1]
velocity-1___6___4.java.org.apache.velocity.runtime.parser.node.ParserVisitor,has param,velocity-1___6___4.java.org.apache.velocity.runtime.parser.node.ASTprocess,ParserVisitor uses ASTprocess [1]
velocity-1___6___4.java.org.apache.velocity.runtime.parser.node.ParserVisitor,has param,velocity-1___6___4.java.org.apache.velocity.runtime.parser.node.ASTWord,ParserVisitor uses ASTWord [1]
velocity-1___6___4.java.org.apache.velocity.runtime.parser.node.ParserVisitor,has param,velocity-1___6___4.java.org.apache.velocity.runtime.parser.node.ASTTrue,ParserVisitor uses ASTTrue [1]
velocity-1___6___4.java.org.apache.velocity.runtime.parser.node.ParserVisitor,has param,velocity-1___6___4.java.org.apache.velocity.runtime.parser.node.ASTText,ParserVisitor uses ASTText [1]
velocity-1___6___4.java.org.apache.velocity.runtime.parser.node.ParserVisitor,has param,velocity-1___6___4.java.org.apache.velocity.runtime.parser.node.ASTSubtractNode,ParserVisitor uses ASTSubtractNode [1]
velocity-1___6___4.java.org.apache.velocity.runtime.parser.node.ParserVisitor,has param,velocity-1___6___4.java.org.apache.velocity.runtime.parser.node.ASTStringLiteral,ParserVisitor uses ASTStringLiteral [1]
velocity-1___6___4.java.org.apache.velocity.runtime.parser.node.ParserVisitor,has param,velocity-1___6___4.java.org.apache.velocity.runtime.parser.node.ASTStop,ParserVisitor uses ASTStop [1]
velocity-1___6___4.java.org.apache.velocity.runtime.parser.node.ParserVisitor,has param,velocity-1___6___4.java.org.apache.velocity.runtime.parser.node.ASTSetDirective,ParserVisitor uses ASTSetDirective [1]
velocity-1___6___4.java.org.apache.velocity.runtime.parser.node.ParserVisitor,has param,velocity-1___6___4.java.org.apache.velocity.runtime.parser.node.ASTReference,ParserVisitor uses ASTReference [1]
velocity-1___6___4.java.org.apache.velocity.runtime.parser.node.ParserVisitor,has param,velocity-1___6___4.java.org.apache.velocity.runtime.parser.node.ASTOrNode,ParserVisitor uses ASTOrNode [1]
velocity-1___6___4.java.org.apache.velocity.runtime.parser.node.ParserVisitor,has param,velocity-1___6___4.java.org.apache.velocity.runtime.parser.node.ASTObjectArray,ParserVisitor uses ASTObjectArray [1]
velocity-1___6___4.java.org.apache.velocity.runtime.parser.node.ParserVisitor,has param,velocity-1___6___4.java.org.apache.velocity.runtime.parser.node.ASTNotNode,ParserVisitor uses ASTNotNode [1]
velocity-1___6___4.java.org.apache.velocity.runtime.parser.node.ParserVisitor,has param,velocity-1___6___4.java.org.apache.velocity.runtime.parser.node.ASTNENode,ParserVisitor uses ASTNENode [1]
velocity-1___6___4.java.org.apache.velocity.runtime.parser.node.ParserVisitor,has param,velocity-1___6___4.java.org.apache.velocity.runtime.parser.node.ASTMulNode,ParserVisitor uses ASTMulNode [1]
velocity-1___6___4.java.org.apache.velocity.runtime.parser.node.ParserVisitor,has param,velocity-1___6___4.java.org.apache.velocity.runtime.parser.node.ASTModNode,ParserVisitor uses ASTModNode [1]
velocity-1___6___4.java.org.apache.velocity.runtime.parser.node.ParserVisitor,has param,velocity-1___6___4.java.org.apache.velocity.runtime.parser.node.ASTMethod,ParserVisitor uses ASTMethod [1]
velocity-1___6___4.java.org.apache.velocity.runtime.parser.node.ParserVisitor,has param,velocity-1___6___4.java.org.apache.velocity.runtime.parser.node.ASTMap,ParserVisitor uses ASTMap [1]
velocity-1___6___4.java.org.apache.velocity.runtime.parser.node.ParserVisitor,has param,velocity-1___6___4.java.org.apache.velocity.runtime.parser.node.ASTLTNode,ParserVisitor uses ASTLTNode [1]
velocity-1___6___4.java.org.apache.velocity.runtime.parser.node.ParserVisitor,has param,velocity-1___6___4.java.org.apache.velocity.runtime.parser.node.ASTLENode,ParserVisitor uses ASTLENode [1]
velocity-1___6___4.java.org.apache.velocity.runtime.parser.node.ParserVisitor,has param,velocity-1___6___4.java.org.apache.velocity.runtime.parser.node.ASTIntegerRange,ParserVisitor uses ASTIntegerRange [1]
velocity-1___6___4.java.org.apache.velocity.runtime.parser.node.ParserVisitor,has param,velocity-1___6___4.java.org.apache.velocity.runtime.parser.node.ASTIntegerLiteral,ParserVisitor uses ASTIntegerLiteral [1]
velocity-1___6___4.java.org.apache.velocity.runtime.parser.node.ParserVisitor,has param,velocity-1___6___4.java.org.apache.velocity.runtime.parser.node.ASTIfStatement,ParserVisitor uses ASTIfStatement [1]
velocity-1___6___4.java.org.apache.velocity.runtime.parser.node.ParserVisitor,has param,velocity-1___6___4.java.org.apache.velocity.runtime.parser.node.ASTIdentifier,ParserVisitor uses ASTIdentifier [1]
velocity-1___6___4.java.org.apache.velocity.runtime.parser.node.ParserVisitor,has param,velocity-1___6___4.java.org.apache.velocity.runtime.parser.node.ASTGTNode,ParserVisitor uses ASTGTNode [1]
velocity-1___6___4.java.org.apache.velocity.runtime.parser.node.ParserVisitor,has param,velocity-1___6___4.java.org.apache.velocity.runtime.parser.node.ASTGENode,ParserVisitor uses ASTGENode [1]
velocity-1___6___4.java.org.apache.velocity.runtime.parser.node.ParserVisitor,has param,velocity-1___6___4.java.org.apache.velocity.runtime.parser.node.ASTFloatingPointLiteral,ParserVisitor uses ASTFloatingPointLiteral [1]
velocity-1___6___4.java.org.apache.velocity.runtime.parser.node.ParserVisitor,has param,velocity-1___6___4.java.org.apache.velocity.runtime.parser.node.ASTFalse,ParserVisitor uses ASTFalse [1]
velocity-1___6___4.java.org.apache.velocity.runtime.parser.node.ParserVisitor,has param,velocity-1___6___4.java.org.apache.velocity.runtime.parser.node.ASTExpression,ParserVisitor uses ASTExpression [1]
velocity-1___6___4.java.org.apache.velocity.runtime.parser.node.ParserVisitor,has param,velocity-1___6___4.java.org.apache.velocity.runtime.parser.node.ASTEscapedDirective,ParserVisitor uses ASTEscapedDirective [1]
velocity-1___6___4.java.org.apache.velocity.runtime.parser.node.ParserVisitor,has param,velocity-1___6___4.java.org.apache.velocity.runtime.parser.node.ASTEscape,ParserVisitor uses ASTEscape [1]
velocity-1___6___4.java.org.apache.velocity.runtime.parser.node.ParserVisitor,has param,velocity-1___6___4.java.org.apache.velocity.runtime.parser.node.ASTElseStatement,ParserVisitor uses ASTElseStatement [1]
velocity-1___6___4.java.org.apache.velocity.runtime.parser.node.ParserVisitor,has param,velocity-1___6___4.java.org.apache.velocity.runtime.parser.node.ASTElseIfStatement,ParserVisitor uses ASTElseIfStatement [1]
velocity-1___6___4.java.org.apache.velocity.runtime.parser.node.ParserVisitor,has param,velocity-1___6___4.java.org.apache.velocity.runtime.parser.node.ASTEQNode,ParserVisitor uses ASTEQNode [1]
velocity-1___6___4.java.org.apache.velocity.runtime.parser.node.ParserVisitor,has param,velocity-1___6___4.java.org.apache.velocity.runtime.parser.node.ASTDivNode,ParserVisitor uses ASTDivNode [1]
velocity-1___6___4.java.org.apache.velocity.runtime.parser.node.ParserVisitor,has param,velocity-1___6___4.java.org.apache.velocity.runtime.parser.node.ASTDirective,ParserVisitor uses ASTDirective [1]
velocity-1___6___4.java.org.apache.velocity.runtime.parser.node.ParserVisitor,has param,velocity-1___6___4.java.org.apache.velocity.runtime.parser.node.ASTComment,ParserVisitor uses ASTComment [1]
velocity-1___6___4.java.org.apache.velocity.runtime.parser.node.ParserVisitor,has param,velocity-1___6___4.java.org.apache.velocity.runtime.parser.node.ASTBlock,ParserVisitor uses ASTBlock [1]
velocity-1___6___4.java.org.apache.velocity.runtime.parser.node.ParserVisitor,has param,velocity-1___6___4.java.org.apache.velocity.runtime.parser.node.ASTAssignment,ParserVisitor uses ASTAssignment [1]
velocity-1___6___4.java.org.apache.velocity.runtime.parser.node.ParserVisitor,has param,velocity-1___6___4.java.org.apache.velocity.runtime.parser.node.ASTAndNode,ParserVisitor uses ASTAndNode [1]
velocity-1___6___4.java.org.apache.velocity.runtime.parser.node.ParserVisitor,has param,velocity-1___6___4.java.org.apache.velocity.runtime.parser.node.ASTAddNode,ParserVisitor uses ASTAddNode [1]
velocity-1___6___4.java.org.apache.velocity.runtime.parser.node.ASTprocess,has param,velocity-1___6___4.java.org.apache.velocity.runtime.parser.node.ParserVisitor,ASTprocess uses ParserVisitor [1]
velocity-1___6___4.java.org.apache.velocity.runtime.parser.node.ASTWord,has param,velocity-1___6___4.java.org.apache.velocity.runtime.parser.node.ParserVisitor,ASTWord uses ParserVisitor [1]
velocity-1___6___4.java.org.apache.velocity.runtime.parser.node.ASTVariable,has param,velocity-1___6___4.java.org.apache.velocity.runtime.parser.node.ParserVisitor,ASTVariable uses ParserVisitor [1]
velocity-1___6___4.java.org.apache.velocity.runtime.parser.node.ASTTrue,has param,velocity-1___6___4.java.org.apache.velocity.runtime.parser.node.ParserVisitor,ASTTrue uses ParserVisitor [1]
velocity-1___6___4.java.org.apache.velocity.runtime.parser.node.ASTText,has param,velocity-1___6___4.java.org.apache.velocity.runtime.parser.node.ParserVisitor,ASTText uses ParserVisitor [1]
velocity-1___6___4.java.org.apache.velocity.runtime.parser.node.ASTStringLiteral,has param,velocity-1___6___4.java.org.apache.velocity.runtime.parser.node.ParserVisitor,ASTStringLiteral uses ParserVisitor [1]
velocity-1___6___4.java.org.apache.velocity.runtime.parser.node.ASTStringLiteral,has param,velocity-1___6___4.java.org.apache.velocity.runtime.parser.node.Node,ASTStringLiteral uses Node [1]
velocity-1___6___4.java.org.apache.velocity.runtime.parser.node.ASTStop,has param,velocity-1___6___4.java.org.apache.velocity.runtime.parser.node.ParserVisitor,ASTStop uses ParserVisitor [1]
velocity-1___6___4.java.org.apache.velocity.runtime.parser.node.ASTSetDirective,has param,velocity-1___6___4.java.org.apache.velocity.runtime.parser.node.ParserVisitor,ASTSetDirective uses ParserVisitor [1]
velocity-1___6___4.java.org.apache.velocity.runtime.parser.node.ASTReference,has param,velocity-1___6___4.java.org.apache.velocity.runtime.parser.node.ParserVisitor,ASTReference uses ParserVisitor [1]
velocity-1___6___4.java.org.apache.velocity.runtime.parser.node.ASTParameters,has param,velocity-1___6___4.java.org.apache.velocity.runtime.parser.node.ParserVisitor,ASTParameters uses ParserVisitor [1]
velocity-1___6___4.java.org.apache.velocity.runtime.parser.node.ASTOrNode,has param,velocity-1___6___4.java.org.apache.velocity.runtime.parser.node.ParserVisitor,ASTOrNode uses ParserVisitor [1]
velocity-1___6___4.java.org.apache.velocity.runtime.parser.node.ASTObjectArray,has param,velocity-1___6___4.java.org.apache.velocity.runtime.parser.node.ParserVisitor,ASTObjectArray uses ParserVisitor [1]
velocity-1___6___4.java.org.apache.velocity.runtime.parser.node.ASTNotNode,has param,velocity-1___6___4.java.org.apache.velocity.runtime.parser.node.ParserVisitor,ASTNotNode uses ParserVisitor [1]
velocity-1___6___4.java.org.apache.velocity.runtime.parser.node.ASTNENode,has param,velocity-1___6___4.java.org.apache.velocity.runtime.parser.node.ParserVisitor,ASTNENode uses ParserVisitor [1]
velocity-1___6___4.java.org.apache.velocity.runtime.parser.node.ASTMethod,has param,velocity-1___6___4.java.org.apache.velocity.runtime.parser.node.ParserVisitor,ASTMethod uses ParserVisitor [1]
velocity-1___6___4.java.org.apache.velocity.runtime.parser.node.ASTMathNode,has param,velocity-1___6___4.java.org.apache.velocity.runtime.parser.node.ParserVisitor,ASTMathNode uses ParserVisitor [1]
velocity-1___6___4.java.org.apache.velocity.runtime.parser.node.ASTMap,has param,velocity-1___6___4.java.org.apache.velocity.runtime.parser.node.ParserVisitor,ASTMap uses ParserVisitor [1]
velocity-1___6___4.java.org.apache.velocity.runtime.parser.node.ASTLTNode,has param,velocity-1___6___4.java.org.apache.velocity.runtime.parser.node.ParserVisitor,ASTLTNode uses ParserVisitor [1]
velocity-1___6___4.java.org.apache.velocity.runtime.parser.node.ASTLENode,has param,velocity-1___6___4.java.org.apache.velocity.runtime.parser.node.ParserVisitor,ASTLENode uses ParserVisitor [1]
velocity-1___6___4.java.org.apache.velocity.runtime.parser.node.ASTIntegerRange,has param,velocity-1___6___4.java.org.apache.velocity.runtime.parser.node.ParserVisitor,ASTIntegerRange uses ParserVisitor [1]
velocity-1___6___4.java.org.apache.velocity.runtime.parser.node.ASTIntegerLiteral,has param,velocity-1___6___4.java.org.apache.velocity.runtime.parser.node.ParserVisitor,ASTIntegerLiteral uses ParserVisitor [1]
velocity-1___6___4.java.org.apache.velocity.runtime.parser.node.ASTIncludeStatement,has param,velocity-1___6___4.java.org.apache.velocity.runtime.parser.node.ParserVisitor,ASTIncludeStatement uses ParserVisitor [1]
velocity-1___6___4.java.org.apache.velocity.runtime.parser.node.ASTIdentifier,has param,velocity-1___6___4.java.org.apache.velocity.runtime.parser.node.ParserVisitor,ASTIdentifier uses ParserVisitor [1]
velocity-1___6___4.java.org.apache.velocity.runtime.parser.node.ASTGTNode,has param,velocity-1___6___4.java.org.apache.velocity.runtime.parser.node.ParserVisitor,ASTGTNode uses ParserVisitor [1]
velocity-1___6___4.java.org.apache.velocity.runtime.parser.node.ASTGENode,has param,velocity-1___6___4.java.org.apache.velocity.runtime.parser.node.ParserVisitor,ASTGENode uses ParserVisitor [1]
velocity-1___6___4.java.org.apache.velocity.runtime.parser.node.ASTFloatingPointLiteral,has param,velocity-1___6___4.java.org.apache.velocity.runtime.parser.node.ParserVisitor,ASTFloatingPointLiteral uses ParserVisitor [1]
velocity-1___6___4.java.org.apache.velocity.runtime.parser.node.ASTFalse,has param,velocity-1___6___4.java.org.apache.velocity.runtime.parser.node.ParserVisitor,ASTFalse uses ParserVisitor [1]
velocity-1___6___4.java.org.apache.velocity.runtime.parser.node.ASTExpression,has param,velocity-1___6___4.java.org.apache.velocity.runtime.parser.node.ParserVisitor,ASTExpression uses ParserVisitor [1]
velocity-1___6___4.java.org.apache.velocity.runtime.parser.node.ASTEscapedDirective,has param,velocity-1___6___4.java.org.apache.velocity.runtime.parser.node.ParserVisitor,ASTEscapedDirective uses ParserVisitor [1]
velocity-1___6___4.java.org.apache.velocity.runtime.parser.node.ASTEscape,has param,velocity-1___6___4.java.org.apache.velocity.runtime.parser.node.ParserVisitor,ASTEscape uses ParserVisitor [1]
velocity-1___6___4.java.org.apache.velocity.runtime.parser.node.ASTElseStatement,has param,velocity-1___6___4.java.org.apache.velocity.runtime.parser.node.ParserVisitor,ASTElseStatement uses ParserVisitor [1]
velocity-1___6___4.java.org.apache.velocity.runtime.parser.node.ASTElseIfStatement,has param,velocity-1___6___4.java.org.apache.velocity.runtime.parser.node.ParserVisitor,ASTElseIfStatement uses ParserVisitor [1]
velocity-1___6___4.java.org.apache.velocity.runtime.parser.node.ASTEQNode,has param,velocity-1___6___4.java.org.apache.velocity.runtime.parser.node.ParserVisitor,ASTEQNode uses ParserVisitor [1]
velocity-1___6___4.java.org.apache.velocity.runtime.parser.node.ASTDirective,has param,velocity-1___6___4.java.org.apache.velocity.runtime.parser.node.ParserVisitor,ASTDirective uses ParserVisitor [1]
velocity-1___6___4.java.org.apache.velocity.runtime.parser.node.ASTComment,has param,velocity-1___6___4.java.org.apache.velocity.runtime.parser.node.ParserVisitor,ASTComment uses ParserVisitor [1]
velocity-1___6___4.java.org.apache.velocity.runtime.parser.node.ASTBlock,has param,velocity-1___6___4.java.org.apache.velocity.runtime.parser.node.ParserVisitor,ASTBlock uses ParserVisitor [1]
velocity-1___6___4.java.org.apache.velocity.runtime.parser.node.ASTAssignment,has param,velocity-1___6___4.java.org.apache.velocity.runtime.parser.node.ParserVisitor,ASTAssignment uses ParserVisitor [1]
velocity-1___6___4.java.org.apache.velocity.runtime.parser.node.ASTAndNode,has param,velocity-1___6___4.java.org.apache.velocity.runtime.parser.node.ParserVisitor,ASTAndNode uses ParserVisitor [1]
velocity-1___6___4.java.org.apache.velocity.runtime.log.LogManager,has param,velocity-1___6___4.java.org.apache.velocity.runtime.log.Log,LogManager uses Log [1]
velocity-1___6___4.java.org.apache.velocity.runtime.VelocimacroManager,has param,velocity-1___6___4.java.org.apache.velocity.runtime.RuntimeServices,VelocimacroManager uses RuntimeServices [1]
velocity-1___6___4.java.org.apache.velocity.runtime.ParserPoolImpl,has param,velocity-1___6___4.java.org.apache.velocity.runtime.RuntimeServices,ParserPoolImpl uses RuntimeServices [1]
velocity-1___6___4.java.org.apache.velocity.runtime.ParserPool,has param,velocity-1___6___4.java.org.apache.velocity.runtime.RuntimeServices,ParserPool uses RuntimeServices [1]
velocity-1___6___4.java.org.apache.velocity.context.EvaluateContext,has param,velocity-1___6___4.java.org.apache.velocity.context.InternalContextAdapter,EvaluateContext uses InternalContextAdapter [1]
velocity-1___6___4.java.org.apache.velocity.app.event.EventHandlerUtil,has param,velocity-1___6___4.java.org.apache.velocity.app.event.EventCartridge,EventHandlerUtil uses EventCartridge [1]
velocity-1___6___4.java.org.apache.velocity.app.event.EventHandlerMethodExecutor,has param,velocity-1___6___4.java.org.apache.velocity.app.event.EventHandler,EventHandlerMethodExecutor uses EventHandler [1]
velocity-1___6___4.java.org.apache.velocity.app.event.EventCartridge,has param,velocity-1___6___4.java.org.apache.velocity.app.event.ReferenceInsertionEventHandler,EventCartridge uses ReferenceInsertionEventHandler [1]
velocity-1___6___4.java.org.apache.velocity.app.event.EventCartridge,has param,velocity-1___6___4.java.org.apache.velocity.app.event.NullSetEventHandler,EventCartridge uses NullSetEventHandler [1]
velocity-1___6___4.java.org.apache.velocity.app.event.EventCartridge,has param,velocity-1___6___4.java.org.apache.velocity.app.event.MethodExceptionEventHandler,EventCartridge uses MethodExceptionEventHandler [1]
velocity-1___6___4.java.org.apache.velocity.app.event.EventCartridge,has param,velocity-1___6___4.java.org.apache.velocity.app.event.InvalidReferenceEventHandler,EventCartridge uses InvalidReferenceEventHandler [1]
velocity-1___6___4.java.org.apache.velocity.app.event.EventCartridge,has param,velocity-1___6___4.java.org.apache.velocity.app.event.IncludeEventHandler,EventCartridge uses IncludeEventHandler [1]
velocity-1___6___4.java.org.apache.velocity.util.introspection.SecureUberspector,extends,velocity-1___6___4.java.org.apache.velocity.util.introspection.UberspectImpl,SecureUberspector uses UberspectImpl [1]
velocity-1___6___4.java.org.apache.velocity.util.introspection.SecureIntrospectorImpl,extends,velocity-1___6___4.java.org.apache.velocity.util.introspection.Introspector,SecureIntrospectorImpl uses Introspector [1]
velocity-1___6___4.java.org.apache.velocity.util.introspection.LinkingUberspector,extends,velocity-1___6___4.java.org.apache.velocity.util.introspection.AbstractChainableUberspector,LinkingUberspector uses AbstractChainableUberspector [1]
velocity-1___6___4.java.org.apache.velocity.util.introspection.Introspector,extends,velocity-1___6___4.java.org.apache.velocity.util.introspection.IntrospectorBase,Introspector uses IntrospectorBase [1]
velocity-1___6___4.java.org.apache.velocity.util.introspection.AbstractChainableUberspector,extends,velocity-1___6___4.java.org.apache.velocity.util.introspection.UberspectImpl,AbstractChainableUberspector uses UberspectImpl [1]
velocity-1___6___4.java.org.apache.velocity.runtime.visitor.NodeViewMode,extends,velocity-1___6___4.java.org.apache.velocity.runtime.visitor.BaseVisitor,NodeViewMode uses BaseVisitor [1]
velocity-1___6___4.java.org.apache.velocity.runtime.resource.loader.URLResourceLoader,extends,velocity-1___6___4.java.org.apache.velocity.runtime.resource.loader.ResourceLoader,URLResourceLoader uses ResourceLoader [1]
velocity-1___6___4.java.org.apache.velocity.runtime.resource.loader.StringResourceLoader,extends,velocity-1___6___4.java.org.apache.velocity.runtime.resource.loader.ResourceLoader,StringResourceLoader uses ResourceLoader [1]
velocity-1___6___4.java.org.apache.velocity.runtime.resource.loader.JarResourceLoader,extends,velocity-1___6___4.java.org.apache.velocity.runtime.resource.loader.ResourceLoader,JarResourceLoader uses ResourceLoader [1]
velocity-1___6___4.java.org.apache.velocity.runtime.resource.loader.FileResourceLoader,extends,velocity-1___6___4.java.org.apache.velocity.runtime.resource.loader.ResourceLoader,FileResourceLoader uses ResourceLoader [1]
velocity-1___6___4.java.org.apache.velocity.runtime.resource.loader.DataSourceResourceLoader,extends,velocity-1___6___4.java.org.apache.velocity.runtime.resource.loader.ResourceLoader,DataSourceResourceLoader uses ResourceLoader [1]
velocity-1___6___4.java.org.apache.velocity.runtime.resource.loader.ClasspathResourceLoader,extends,velocity-1___6___4.java.org.apache.velocity.runtime.resource.loader.ResourceLoader,ClasspathResourceLoader uses ResourceLoader [1]
velocity-1___6___4.java.org.apache.velocity.runtime.resource.ContentResource,extends,velocity-1___6___4.java.org.apache.velocity.runtime.resource.Resource,ContentResource uses Resource [1]
velocity-1___6___4.java.org.apache.velocity.runtime.parser.node.SetPropertyExecutor,extends,velocity-1___6___4.java.org.apache.velocity.runtime.parser.node.SetExecutor,SetPropertyExecutor uses SetExecutor [1]
velocity-1___6___4.java.org.apache.velocity.runtime.parser.node.PutExecutor,extends,velocity-1___6___4.java.org.apache.velocity.runtime.parser.node.SetExecutor,PutExecutor uses SetExecutor [1]
velocity-1___6___4.java.org.apache.velocity.runtime.parser.node.PropertyExecutor,extends,velocity-1___6___4.java.org.apache.velocity.runtime.parser.node.AbstractExecutor,PropertyExecutor uses AbstractExecutor [1]
velocity-1___6___4.java.org.apache.velocity.runtime.parser.node.MapSetExecutor,extends,velocity-1___6___4.java.org.apache.velocity.runtime.parser.node.SetExecutor,MapSetExecutor uses SetExecutor [1]
velocity-1___6___4.java.org.apache.velocity.runtime.parser.node.MapGetExecutor,extends,velocity-1___6___4.java.org.apache.velocity.runtime.parser.node.AbstractExecutor,MapGetExecutor uses AbstractExecutor [1]
velocity-1___6___4.java.org.apache.velocity.runtime.parser.node.GetExecutor,extends,velocity-1___6___4.java.org.apache.velocity.runtime.parser.node.AbstractExecutor,GetExecutor uses AbstractExecutor [1]
velocity-1___6___4.java.org.apache.velocity.runtime.parser.node.BooleanPropertyExecutor,extends,velocity-1___6___4.java.org.apache.velocity.runtime.parser.node.PropertyExecutor,BooleanPropertyExecutor uses PropertyExecutor [1]
velocity-1___6___4.java.org.apache.velocity.runtime.parser.node.ASTprocess,extends,velocity-1___6___4.java.org.apache.velocity.runtime.parser.node.SimpleNode,ASTprocess uses SimpleNode [1]
velocity-1___6___4.java.org.apache.velocity.runtime.parser.node.ASTWord,extends,velocity-1___6___4.java.org.apache.velocity.runtime.parser.node.SimpleNode,ASTWord uses SimpleNode [1]
velocity-1___6___4.java.org.apache.velocity.runtime.parser.node.ASTVariable,extends,velocity-1___6___4.java.org.apache.velocity.runtime.parser.node.SimpleNode,ASTVariable uses SimpleNode [1]
velocity-1___6___4.java.org.apache.velocity.runtime.parser.node.ASTTrue,extends,velocity-1___6___4.java.org.apache.velocity.runtime.parser.node.SimpleNode,ASTTrue uses SimpleNode [1]
velocity-1___6___4.java.org.apache.velocity.runtime.parser.node.ASTText,extends,velocity-1___6___4.java.org.apache.velocity.runtime.parser.node.SimpleNode,ASTText uses SimpleNode [1]
velocity-1___6___4.java.org.apache.velocity.runtime.parser.node.ASTSubtractNode,extends,velocity-1___6___4.java.org.apache.velocity.runtime.parser.node.ASTMathNode,ASTSubtractNode uses ASTMathNode [1]
velocity-1___6___4.java.org.apache.velocity.runtime.parser.node.ASTStop,extends,velocity-1___6___4.java.org.apache.velocity.runtime.parser.node.SimpleNode,ASTStop uses SimpleNode [1]
velocity-1___6___4.java.org.apache.velocity.runtime.parser.node.ASTSetDirective,extends,velocity-1___6___4.java.org.apache.velocity.runtime.parser.node.SimpleNode,ASTSetDirective uses SimpleNode [1]
velocity-1___6___4.java.org.apache.velocity.runtime.parser.node.ASTReference,extends,velocity-1___6___4.java.org.apache.velocity.runtime.parser.node.SimpleNode,ASTReference uses SimpleNode [1]
velocity-1___6___4.java.org.apache.velocity.runtime.parser.node.ASTParameters,extends,velocity-1___6___4.java.org.apache.velocity.runtime.parser.node.SimpleNode,ASTParameters uses SimpleNode [1]
velocity-1___6___4.java.org.apache.velocity.runtime.parser.node.ASTOrNode,extends,velocity-1___6___4.java.org.apache.velocity.runtime.parser.node.SimpleNode,ASTOrNode uses SimpleNode [1]
velocity-1___6___4.java.org.apache.velocity.runtime.parser.node.ASTObjectArray,extends,velocity-1___6___4.java.org.apache.velocity.runtime.parser.node.SimpleNode,ASTObjectArray uses SimpleNode [1]
velocity-1___6___4.java.org.apache.velocity.runtime.parser.node.ASTNotNode,extends,velocity-1___6___4.java.org.apache.velocity.runtime.parser.node.SimpleNode,ASTNotNode uses SimpleNode [1]
velocity-1___6___4.java.org.apache.velocity.runtime.parser.node.ASTNENode,extends,velocity-1___6___4.java.org.apache.velocity.runtime.parser.node.SimpleNode,ASTNENode uses SimpleNode [1]
velocity-1___6___4.java.org.apache.velocity.runtime.parser.node.ASTMulNode,extends,velocity-1___6___4.java.org.apache.velocity.runtime.parser.node.ASTMathNode,ASTMulNode uses ASTMathNode [1]
velocity-1___6___4.java.org.apache.velocity.runtime.parser.node.ASTModNode,extends,velocity-1___6___4.java.org.apache.velocity.runtime.parser.node.ASTMathNode,ASTModNode uses ASTMathNode [1]
velocity-1___6___4.java.org.apache.velocity.runtime.parser.node.ASTMethod,extends,velocity-1___6___4.java.org.apache.velocity.runtime.parser.node.SimpleNode,ASTMethod uses SimpleNode [1]
velocity-1___6___4.java.org.apache.velocity.runtime.parser.node.ASTMathNode,extends,velocity-1___6___4.java.org.apache.velocity.runtime.parser.node.SimpleNode,ASTMathNode uses SimpleNode [1]
velocity-1___6___4.java.org.apache.velocity.runtime.parser.node.ASTMap,extends,velocity-1___6___4.java.org.apache.velocity.runtime.parser.node.SimpleNode,ASTMap uses SimpleNode [1]
velocity-1___6___4.java.org.apache.velocity.runtime.parser.node.ASTLTNode,extends,velocity-1___6___4.java.org.apache.velocity.runtime.parser.node.SimpleNode,ASTLTNode uses SimpleNode [1]
velocity-1___6___4.java.org.apache.velocity.runtime.parser.node.ASTLENode,extends,velocity-1___6___4.java.org.apache.velocity.runtime.parser.node.SimpleNode,ASTLENode uses SimpleNode [1]
velocity-1___6___4.java.org.apache.velocity.runtime.parser.node.ASTIntegerRange,extends,velocity-1___6___4.java.org.apache.velocity.runtime.parser.node.SimpleNode,ASTIntegerRange uses SimpleNode [1]
velocity-1___6___4.java.org.apache.velocity.runtime.parser.node.ASTIntegerLiteral,extends,velocity-1___6___4.java.org.apache.velocity.runtime.parser.node.SimpleNode,ASTIntegerLiteral uses SimpleNode [1]
velocity-1___6___4.java.org.apache.velocity.runtime.parser.node.ASTIncludeStatement,extends,velocity-1___6___4.java.org.apache.velocity.runtime.parser.node.SimpleNode,ASTIncludeStatement uses SimpleNode [1]
velocity-1___6___4.java.org.apache.velocity.runtime.parser.node.ASTIfStatement,extends,velocity-1___6___4.java.org.apache.velocity.runtime.parser.node.SimpleNode,ASTIfStatement uses SimpleNode [1]
velocity-1___6___4.java.org.apache.velocity.runtime.parser.node.ASTIdentifier,extends,velocity-1___6___4.java.org.apache.velocity.runtime.parser.node.SimpleNode,ASTIdentifier uses SimpleNode [1]
velocity-1___6___4.java.org.apache.velocity.runtime.parser.node.ASTGTNode,extends,velocity-1___6___4.java.org.apache.velocity.runtime.parser.node.SimpleNode,ASTGTNode uses SimpleNode [1]
velocity-1___6___4.java.org.apache.velocity.runtime.parser.node.ASTGENode,extends,velocity-1___6___4.java.org.apache.velocity.runtime.parser.node.SimpleNode,ASTGENode uses SimpleNode [1]
velocity-1___6___4.java.org.apache.velocity.runtime.parser.node.ASTFloatingPointLiteral,extends,velocity-1___6___4.java.org.apache.velocity.runtime.parser.node.SimpleNode,ASTFloatingPointLiteral uses SimpleNode [1]
velocity-1___6___4.java.org.apache.velocity.runtime.parser.node.ASTFalse,extends,velocity-1___6___4.java.org.apache.velocity.runtime.parser.node.SimpleNode,ASTFalse uses SimpleNode [1]
velocity-1___6___4.java.org.apache.velocity.runtime.parser.node.ASTExpression,extends,velocity-1___6___4.java.org.apache.velocity.runtime.parser.node.SimpleNode,ASTExpression uses SimpleNode [1]
velocity-1___6___4.java.org.apache.velocity.runtime.parser.node.ASTEscapedDirective,extends,velocity-1___6___4.java.org.apache.velocity.runtime.parser.node.SimpleNode,ASTEscapedDirective uses SimpleNode [1]
velocity-1___6___4.java.org.apache.velocity.runtime.parser.node.ASTEscape,extends,velocity-1___6___4.java.org.apache.velocity.runtime.parser.node.SimpleNode,ASTEscape uses SimpleNode [1]
velocity-1___6___4.java.org.apache.velocity.runtime.parser.node.ASTElseStatement,extends,velocity-1___6___4.java.org.apache.velocity.runtime.parser.node.SimpleNode,ASTElseStatement uses SimpleNode [1]
velocity-1___6___4.java.org.apache.velocity.runtime.parser.node.ASTElseIfStatement,extends,velocity-1___6___4.java.org.apache.velocity.runtime.parser.node.SimpleNode,ASTElseIfStatement uses SimpleNode [1]
velocity-1___6___4.java.org.apache.velocity.runtime.parser.node.ASTEQNode,extends,velocity-1___6___4.java.org.apache.velocity.runtime.parser.node.SimpleNode,ASTEQNode uses SimpleNode [1]
velocity-1___6___4.java.org.apache.velocity.runtime.parser.node.ASTDivNode,extends,velocity-1___6___4.java.org.apache.velocity.runtime.parser.node.ASTMathNode,ASTDivNode uses ASTMathNode [1]
velocity-1___6___4.java.org.apache.velocity.runtime.parser.node.ASTDirective,extends,velocity-1___6___4.java.org.apache.velocity.runtime.parser.node.SimpleNode,ASTDirective uses SimpleNode [1]
velocity-1___6___4.java.org.apache.velocity.runtime.parser.node.ASTComment,extends,velocity-1___6___4.java.org.apache.velocity.runtime.parser.node.SimpleNode,ASTComment uses SimpleNode [1]
velocity-1___6___4.java.org.apache.velocity.runtime.parser.node.ASTBlock,extends,velocity-1___6___4.java.org.apache.velocity.runtime.parser.node.SimpleNode,ASTBlock uses SimpleNode [1]
velocity-1___6___4.java.org.apache.velocity.runtime.parser.node.ASTAssignment,extends,velocity-1___6___4.java.org.apache.velocity.runtime.parser.node.SimpleNode,ASTAssignment uses SimpleNode [1]
velocity-1___6___4.java.org.apache.velocity.runtime.parser.node.ASTAndNode,extends,velocity-1___6___4.java.org.apache.velocity.runtime.parser.node.SimpleNode,ASTAndNode uses SimpleNode [1]
velocity-1___6___4.java.org.apache.velocity.runtime.parser.node.ASTAddNode,extends,velocity-1___6___4.java.org.apache.velocity.runtime.parser.node.ASTMathNode,ASTAddNode uses ASTMathNode [1]
velocity-1___6___4.java.org.apache.velocity.runtime.parser.TemplateParseException,extends,velocity-1___6___4.java.org.apache.velocity.runtime.parser.ParseException,TemplateParseException uses ParseException [1]
velocity-1___6___4.java.org.apache.velocity.runtime.log.RuntimeLoggerLog,extends,velocity-1___6___4.java.org.apache.velocity.runtime.log.Log,RuntimeLoggerLog uses Log [1]
velocity-1___6___4.java.org.apache.velocity.runtime.log.PrimordialLogSystem,extends,velocity-1___6___4.java.org.apache.velocity.runtime.log.HoldingLogChute,PrimordialLogSystem uses HoldingLogChute [1]
velocity-1___6___4.java.org.apache.velocity.runtime.log.NullLogSystem,extends,velocity-1___6___4.java.org.apache.velocity.runtime.log.NullLogChute,NullLogSystem uses NullLogChute [1]
velocity-1___6___4.java.org.apache.velocity.runtime.log.Log4JLogSystem,extends,velocity-1___6___4.java.org.apache.velocity.runtime.log.Log4JLogChute,Log4JLogSystem uses Log4JLogChute [1]
velocity-1___6___4.java.org.apache.velocity.runtime.log.AvalonLogSystem,extends,velocity-1___6___4.java.org.apache.velocity.runtime.log.AvalonLogChute,AvalonLogSystem uses AvalonLogChute [1]
velocity-1___6___4.java.org.apache.velocity.runtime.directive.VelocimacroProxy,extends,velocity-1___6___4.java.org.apache.velocity.runtime.directive.Directive,VelocimacroProxy uses Directive [1]
velocity-1___6___4.java.org.apache.velocity.runtime.directive.RuntimeMacro,extends,velocity-1___6___4.java.org.apache.velocity.runtime.directive.Directive,RuntimeMacro uses Directive [1]
velocity-1___6___4.java.org.apache.velocity.runtime.directive.Parse,extends,velocity-1___6___4.java.org.apache.velocity.runtime.directive.InputBase,Parse uses InputBase [1]
velocity-1___6___4.java.org.apache.velocity.runtime.directive.Macro,extends,velocity-1___6___4.java.org.apache.velocity.runtime.directive.Directive,Macro uses Directive [1]
velocity-1___6___4.java.org.apache.velocity.runtime.directive.Literal,extends,velocity-1___6___4.java.org.apache.velocity.runtime.directive.Directive,Literal uses Directive [1]
velocity-1___6___4.java.org.apache.velocity.runtime.directive.InputBase,extends,velocity-1___6___4.java.org.apache.velocity.runtime.directive.Directive,InputBase uses Directive [1]
velocity-1___6___4.java.org.apache.velocity.runtime.directive.Include,extends,velocity-1___6___4.java.org.apache.velocity.runtime.directive.InputBase,Include uses InputBase [1]
velocity-1___6___4.java.org.apache.velocity.runtime.directive.Foreach,extends,velocity-1___6___4.java.org.apache.velocity.runtime.directive.Directive,Foreach uses Directive [1]
velocity-1___6___4.java.org.apache.velocity.runtime.directive.Evaluate,extends,velocity-1___6___4.java.org.apache.velocity.runtime.directive.Directive,Evaluate uses Directive [1]
velocity-1___6___4.java.org.apache.velocity.runtime.directive.Define,extends,velocity-1___6___4.java.org.apache.velocity.runtime.directive.Directive,Define uses Directive [1]
velocity-1___6___4.java.org.apache.velocity.runtime.directive.Break,extends,velocity-1___6___4.java.org.apache.velocity.runtime.directive.Directive,Break uses Directive [1]
velocity-1___6___4.java.org.apache.velocity.runtime.RuntimeServices,extends,velocity-1___6___4.java.org.apache.velocity.runtime.RuntimeLogger,RuntimeServices uses RuntimeLogger [1]
velocity-1___6___4.java.org.apache.velocity.exception.TemplateInitException,extends,velocity-1___6___4.java.org.apache.velocity.exception.VelocityException,TemplateInitException uses VelocityException [1]
velocity-1___6___4.java.org.apache.velocity.exception.ResourceNotFoundException,extends,velocity-1___6___4.java.org.apache.velocity.exception.VelocityException,ResourceNotFoundException uses VelocityException [1]
velocity-1___6___4.java.org.apache.velocity.exception.MethodInvocationException,extends,velocity-1___6___4.java.org.apache.velocity.exception.VelocityException,MethodInvocationException uses VelocityException [1]
velocity-1___6___4.java.org.apache.velocity.exception.MathException,extends,velocity-1___6___4.java.org.apache.velocity.exception.VelocityException,MathException uses VelocityException [1]
velocity-1___6___4.java.org.apache.velocity.exception.MacroOverflowException,extends,velocity-1___6___4.java.org.apache.velocity.exception.VelocityException,MacroOverflowException uses VelocityException [1]
velocity-1___6___4.java.org.apache.velocity.context.ProxyVMContext,extends,velocity-1___6___4.java.org.apache.velocity.context.ChainedInternalContextAdapter,ProxyVMContext uses ChainedInternalContextAdapter [1]
velocity-1___6___4.java.org.apache.velocity.context.InternalContextAdapter,extends,velocity-1___6___4.java.org.apache.velocity.context.InternalWrapperContext,InternalContextAdapter uses InternalWrapperContext [1]
velocity-1___6___4.java.org.apache.velocity.context.InternalContextAdapter,extends,velocity-1___6___4.java.org.apache.velocity.context.InternalHousekeepingContext,InternalContextAdapter uses InternalHousekeepingContext [1]
velocity-1___6___4.java.org.apache.velocity.context.InternalContextAdapter,extends,velocity-1___6___4.java.org.apache.velocity.context.InternalEventContext,InternalContextAdapter uses InternalEventContext [1]
velocity-1___6___4.java.org.apache.velocity.context.InternalContextAdapter,extends,velocity-1___6___4.java.org.apache.velocity.context.Context,InternalContextAdapter uses Context [1]
velocity-1___6___4.java.org.apache.velocity.context.EvaluateContext,extends,velocity-1___6___4.java.org.apache.velocity.context.ChainedInternalContextAdapter,EvaluateContext uses ChainedInternalContextAdapter [1]
velocity-1___6___4.java.org.apache.velocity.context.AbstractContext,extends,velocity-1___6___4.java.org.apache.velocity.context.InternalContextBase,AbstractContext uses InternalContextBase [1]
velocity-1___6___4.java.org.apache.velocity.app.event.implement.EscapeXmlReference,extends,velocity-1___6___4.java.org.apache.velocity.app.event.implement.EscapeReference,EscapeXmlReference uses EscapeReference [1]
velocity-1___6___4.java.org.apache.velocity.app.event.implement.EscapeSqlReference,extends,velocity-1___6___4.java.org.apache.velocity.app.event.implement.EscapeReference,EscapeSqlReference uses EscapeReference [1]
velocity-1___6___4.java.org.apache.velocity.app.event.implement.EscapeJavaScriptReference,extends,velocity-1___6___4.java.org.apache.velocity.app.event.implement.EscapeReference,EscapeJavaScriptReference uses EscapeReference [1]
velocity-1___6___4.java.org.apache.velocity.app.event.implement.EscapeHtmlReference,extends,velocity-1___6___4.java.org.apache.velocity.app.event.implement.EscapeReference,EscapeHtmlReference uses EscapeReference [1]